1,_,是正品,真伪
1,_,白嫩,使用体验
2,_,不是我喜欢,整体
2,颜色,明显,其他
3,_,挺细腻的,使用体验
4,_,还行吧,整体
5,_,不错,整体
6,_,很细腻,使用体验
6,_,贴合肤色,使用体验
6,_,很好,整体
7,_,特别好用,整体
7,_,很喜欢,整体
8,_,好评,整体
9,_,还可以,整体
10,_,不错,整体
11,_,不错,整体
11,_,很清爽,使用体验
11,_,水润,使用体验
11,_,不错,整体
11,_,很清爽,使用体验
11,_,水润,使用体验
12,包装,一般,包装
12,_,还行,整体
13,_,一般般,整体
14,_,不错,整体
15,物流速度,快,物流
15,包装,很不爽,包装
16,_,没以前的好用,整体
17,发货速度,快,物流
18,_,很喜欢,整体
18,_,很好用,整体
19,_,很好,整体
19,_,不错,整体
19,_,给力,整体
19,_,大赞一个,整体
19,_,喜欢,整体
20,_,自然,功效
20,_,不油腻,使用体验
21,_,挺好用的,整体
21,_,好评,整体
22,_,最合适,价格
22,_,比较干净,功效
23,_,不错,整体
23,_,很贴肤细腻,使用体验
24,_,不错,整体
25,_,优惠,价格
26,_,有点干,使用体验
27,_,真心不错,整体
28,_,成膜,使用体验
28,_,油腻,使用体验
28,_,一般,整体
29,_,很好用,整体
29,_,很温和,使用体验
30,_,还可以,整体
31,_,不错不错,整体
31,_,非常好,整体
32,卸妆,干净,功效
32,_,好评,整体
33,_,好用,整体
33,_,很自然,功效
34,_,快,物流
34,_,很好,整体
34,_,不错,整体
35,_,有些不合适,使用体验
35,_,不舒服,使用体验
36,快递,很快,物流
37,速度,很快,物流
37,_,很划算,价格
38,_,很水润,使用体验
38,包装,也不错,包装
39,物流,很快,物流
39,快递小哥服务,很好,物流
40,_,特别,整体
40,活动,_,价格
41,_,水水的,使用体验
41,_,很好用,整体
41,_,不紧绷了,使用体验
42,_,一般,整体
43,_,挺好用的,整体
43,酒精,_,整体
44,_,很喜欢,整体
45,_,很好,整体
46,_,还可以,整体
47,_,非常不错,整体
47,味道,没有刺鼻的,气味
47,_,很温和,使用体验
48,_,还行,整体
48,_,不错,整体
49,发货盒子,没有,物流
50,香味,淡淡的,气味
50,_,还不错,整体
50,_,不,整体
50,_,不方便,使用体验
51,_,不错,整体
52,_,好用,整体
52,_,显白不油腻,使用体验
53,价格,挺便宜的,价格
54,_,不错,整体
54,快递速度,快,物流
54,快递小哥,点赞,物流
55,_,不错,整体
55,_,实惠,价格
56,_,很喜欢,整体
57,_,不怎么好用,整体
1830,_,不怎么好用,整体
58,_,满意,整体
59,_,辣眼睛疼,使用体验
60,_,非常好,整体
60,_,很滑,使用体验
61,_,好好,整体
62,_,不好用,整体
62,_,不适合,整体
63,_,特别合适,价格
64,_,很适合,整体
64,_,不错,整体
65,_,不错,整体
65,送货师傅,很给力,物流
66,物流,很快,物流
67,_,好用,整体
68,物流,非常快,物流
68,包装,不错,包装
69,快递,是给力,物流
70,_,还可以,整体
71,保湿,滋润,功效
71,_,挺好的,整体
72,包装,一般,包装
73,_,过敏,使用体验
73,_,长,使用体验
74,_,不怎么滴,使用体验
75,_,真心不错,整体
75,活动,非常划算,价格
75,_,有好,整体
75,_,温和不刺激,使用体验
76,_,很好用,整体
77,_,好评,整体
77,_,好好用无刺激,整体
78,性价比包装,不错,包装
78,_,还可以,整体
79,包装,很好,包装
79,快递,快,物流
80,_,还不错,整体
81,_,很好用,整体
82,_,不错,整体
82,物流,很快,物流
83,_,还行,整体
84,_,还不错,整体
85,设计,很喜欢希望好用,整体
86,_,很好用,整体
86,_,很好,整体
86,_,光光滑,使用体验
86,_,超喜欢,整体
87,速度,很快,物流
87,_,水润润,使用体验
87,_,好评,整体
88,_,很温和,使用体验
88,_,很清爽,使用体验
88,_,不紧绷,使用体验
88,_,很划算,价格
89,_,非常好用,整体
90,_,不错,整体
91,_,挺好的,整体
91,_,不错,整体
92,_,不是,整体
92,_,很喜欢,整体
92,味道,_,气味
93,_,很好用,整体
93,味道,特别好闻,气味
93,_,很细腻,使用体验
94,价格,优惠,价格
94,_,满意,整体
95,_,挺好的,整体
96,_,特别滑,使用体验
96,精华液,挺多,成分
96,_,好评,整体
97,包装,精美,包装
97,价格,实惠,价格
98,_,不错,整体
98,赠品快递,也给力的,价格
99,补水效果,较好,功效
100,补水效果,特别好,功效
100,_,特别水润,使用体验
101,性价比,高,价格
101,_,还可以,整体
102,味道,淡淡的,气味
102,_,不油腻,使用体验
102,_,新的旧,使用体验
103,_,很喜欢,整体
103,_,水水的,使用体验
104,_,可以,整体
104,_,便宜实惠,价格
105,_,还可以,整体
105,_,太硬,使用体验
106,活动,超级好用,价格
107,_,很不错,整体
108,_,不错,整体
109,_,很好用,整体
109,送货,快,物流
110,味道,还行吧,气味
111,性价比,很高,价格
112,_,是正品,真伪
112,香味,浓郁,气味
112,遮瑕效果,非常好,功效
113,保湿效果,不错,功效
113,_,挺好用的,整体
114,_,非常好用,整体
115,_,很好用,整体
116,_,值得信赖,整体
117,_,很快,物流
117,_,挺好的,整体
118,价格,合适,价格
118,_,不贵,价格
119,_,是正品,真伪
119,性价比,很好用,整体
119,物流,很快,物流
120,_,挺好的,整体
120,_,不错,整体
121,_,挺好的,整体
122,味道,不好闻,气味
122,_,不好冲洗,功效
122,赠品,_,价格
123,_,可以,整体
124,_,很好用,整体
125,_,好用,整体
125,_,好用,整体
126,_,不错一如既往的好用,整体
127,_,好用,整体
127,_,挺清爽的,使用体验
127,送货速度,很快,物流
127,_,很方便,整体
127,_,优惠,价格
128,_,还可以,整体
129,_,不怎么样,整体
130,_,物美价廉,价格
130,发货,快,物流
130,盒子,很漂亮,包装
131,活动,_,价格
132,_,不好,整体
133,快递,一般般慢,物流
134,物流,快,物流
135,赠品价格,差不多,价格
136,_,好用,整体
136,_,超级好用,整体
136,_,不干,使用体验
136,_,很舒服,使用体验
137,_,不紧水份多,使用体验
137,价格,还便宜,价格
138,_,超级补水,功效
138,_,超级划算,价格
138,_,五星好评,整体
140,送货,快,物流
141,_,很好用,整体
141,补水效果,很好,功效
141,_,滋润服帖,使用体验
141,_,完美,整体
142,补水,特别好,功效
143,_,挺实惠,价格
143,_,蛮好用,整体
143,_,很滋润,使用体验
144,物流,很快,物流
144,赠品,多,价格
145,物流,杠杠的,物流
145,包装,不错,包装
146,_,特别轻薄透气补水,使用体验
146,_,特别要,功效
147,_,还可以,整体
148,补水效果,特别好,功效
149,_,还可以,整体
149,吸收效果,不是太好,使用体验
150,_,很好,整体
150,_,增白的,功效
150,_,补水,功效
151,_,好评,整体
152,_,不是太喜欢,整体
153,_,超级不错,整体
153,_,细腻,使用体验
153,配送员服务,超好,物流
153,_,点赞,整体
154,_,干,使用体验
154,_,搓泥,使用体验
155,_,经济实惠,价格
155,送货,快,物流
155,送货速度,_,物流
156,_,很好用,整体
158,遮暇力度,不够,功效
158,_,不油腻,使用体验
158,上妆,服帖,使用体验
158,_,喜欢,整体
159,_,是正品,真伪
160,_,不错,整体
160,_,非常滋润,使用体验
161,_,很好用,整体
161,_,很实惠,价格
162,_,挺好,整体
162,物流,很快,物流
162,价格,实惠,价格
163,_,挺好用的,整体
163,卸妆,很温和,功效
163,_,很清爽,使用体验
163,_,不伤皮肤,使用体验
164,快递,不好,物流
165,物流速度,不错,物流
425,物流速度,不错,物流
166,_,挺好用的,整体
167,_,非常不错,整体
167,_,实惠,价格
168,_,挺好用的,整体
168,_,挺滋润的,使用体验
168,_,毛孔没有那么,功效
169,_,好评,整体
169,_,好用,整体
171,_,不怎么好用,整体
171,_,不干净,功效
171,_,便宜,价格
172,吸收,快,使用体验
172,_,超级滋润,使用体验
172,活动,给力,价格
173,包装,不,包装
173,_,送个盒子,包装
174,_,不错不错,整体
174,_,很好闻,气味
174,_,很好,整体
175,_,很好,整体
176,_,有点,整体
176,_,点卡粉,使用体验
176,_,不,整体
176,_,咋个遮瑕,功效
177,_,一如既往的好,整体
178,_,挺满意的,整体
178,_,还不错,整体
178,补水效果,挺好的,功效
178,_,有点紧绷,使用体验
179,_,物超所值,整体
179,_,超快,物流
180,_,比较容易推开,使用体验
180,_,不油腻,使用体验
180,防晒效果成膜,挺快的,功效
180,持久情况,挺不错的,功效
181,_,很好,整体
181,_,不过敏,使用体验
181,_,很保湿,功效
181,_,不油腻,使用体验
182,_,还不错,整体
182,_,遮盖红血丝,功效
182,_,挺干的,使用体验
183,_,很好用是正品,整体
184,_,比较优惠,价格
185,_,不错,整体
185,_,可以,整体
186,物流速度,快,物流
186,_,非常不错,整体
187,保湿效果,很好,功效
188,_,特别好用,整体
189,_,很滋润,使用体验
189,_,不脱妆,使用体验
189,_,挺好用的,整体
190,价格,合适不错,价格
191,_,很不错,整体
192,_,很好用,整体
192,_,很舒服,使用体验
193,_,不错,整体
194,泡泡,不是很多,使用体验
194,气味清香,好闻淡淡的,气味
195,_,一般,整体
195,_,或手可以,整体
195,_,一般,整体
196,包装盒,_,包装
197,_,还行,整体
198,_,还可以,整体
198,_,不紧绷,使用体验
199,物流,很快,物流
199,_,很满意,整体
199,_,还不错,整体
200,补水,可以,功效
200,_,有些油,使用体验
201,_,不错,整体
201,送货速度,快,物流
201,_,棒棒的,整体
202,_,很喜欢,整体
203,_,挺好的,整体
203,物流,挺快的,物流
203,_,好评,整体
204,_,还可以,整体
205,_,很好,整体
205,_,贴肤,使用体验
205,_,不卡粉,使用体验
206,礼盒盒子,很精美,包装
206,_,很好,整体
207,_,很喜欢,整体
207,_,很好用,整体
207,香味,不重,气味
207,_,不刺激,使用体验
207,_,特别好,整体
208,_,挺好用的,整体
208,味道,香香的,气味
208,_,很滑,使用体验
208,_,很舒服,使用体验
208,_,好评,整体
209,_,最好,整体
209,速度,快,物流
210,活动,给力,价格
211,补水效果,特别好,功效
211,_,很喜欢,整体
212,_,假的,真伪
213,_,不好,整体
214,_,不错,整体
214,_,满意,整体
215,_,非常好用,整体
215,_,很干净,功效
216,_,很好用,整体
216,_,不油腻,使用体验
216,_,快,物流
217,_,不错,整体
217,快递,超级给力,物流
218,成分,很好用,服务
218,_,安全,使用体验
218,活动,很惊喜,价格
218,赠品颜值,_,价格
219,包装,挺好看的,包装
219,快递小哥,_,物流
220,_,很多,整体
221,_,很便宜,价格
222,_,很好用,整体
223,_,好用,整体
225,_,很好,整体
226,_,好好用,整体
226,_,很方便,整体
226,_,值得信赖,整体
227,速度,飞快,物流
227,_,大爱,整体
228,_,光滑,使用体验
228,_,可以,整体
229,_,不过敏,使用体验
229,_,很好用,整体
230,物流,快,物流
230,_,真心不错,整体
230,_,喜欢,整体
231,_,很好,整体
231,物流,很快,物流
231,_,便宜,价格
232,_,物超所值,整体
232,_,好评,整体
233,_,好,整体
234,_,还好,整体
235,_,水润轻薄,使用体验
235,_,比较保湿,功效
236,_,挺好,整体
237,_,不是,整体
237,_,很开心,整体
238,吸收,很好,使用体验
238,_,很喜欢,整体
239,_,起不错,整体
240,补水,还可以,功效
240,精华液,很多,成分
240,_,不错,整体
241,_,除了便宜,价格
242,_,一般,整体
242,_,特别是,真伪
243,_,不错,整体
243,_,非常好用,整体
244,速度,算是快,物流
245,服务,很好,服务
245,性价比,高,价格
245,_,不错,整体
246,_,还不错,整体
247,_,很美白,使用体验
247,味道,很舒服,气味
247,_,很喜欢,整体
247,_,大爱,整体
248,_,挺好的,整体
248,_,滋润不油腻,使用体验
249,_,不错,整体
250,_,挺好用的,整体
250,_,很服帖自然,使用体验
251,_,过敏,使用体验
252,_,希望好用,整体
253,_,一般,整体
253,_,纯补水,功效
254,_,挺好用的,整体
254,薄薄的精华,好多,使用体验
255,活动,不给力,价格
257,_,值得信赖,整体
258,_,好小,尺寸
259,_,感到失望,整体
260,_,好用,整体
260,_,特便宜,价格
261,_,好评,整体
261,_,好用,整体
262,_,物有所值,整体
263,_,不好的,整体
264,_,还可以,整体
264,_,稍微去一点,功效
265,_,还可以,整体
265,_,有点干,使用体验
265,_,提亮肤色,功效
265,_,有点,整体
266,_,好用便宜,价格
266,_,简单通透,使用体验
267,_,不错,整体
268,味道,辣眼睛,气味
268,_,风刮那么大,其他
269,_,很滋润,使用体验
269,精华,好多,成分
269,_,特别喜欢,整体
270,_,好的,整体
270,_,很喜欢,整体
270,_,美美哒,整体
271,物流,很快,物流
271,包装,完好,包装
271,服务,_,物流
272,活动价格优惠券补水效果,不错,价格
273,_,挺好用的,整体
273,香味,淡淡的,气味
274,_,很好用,整体
275,_,超级差,整体
275,_,卡粉,使用体验
275,_,卡粉,使用体验
275,遮瑕,一点也不遮瑕,功效
276,_,很舒服,使用体验
276,补水效果,很好,功效
277,_,细腻,使用体验
277,_,一般,整体
278,_,正品,真伪
278,_,实惠,价格
278,快递,很快,物流
278,_,满意,整体
278,服务,很好,服务
279,_,真的不错,整体
279,_,是正品,真伪
280,味道泡沫,很细腻,使用体验
281,_,正品,真伪
281,_,特别省,功效
281,_,水水润润,使用体验
282,活动,超级划算,价格
282,包装,好看,包装
282,_,不一样,整体
283,_,差,整体
284,_,还不错,整体
284,_,不卡粉,使用体验
284,_,挺好的,整体
285,_,挺好用的,整体
286,_,挺好的,整体
287,物流,很快,物流
287,_,棒棒哒,整体
288,_,挺好用的,整体
289,_,真品,真伪
290,补水效果,很好,功效
291,_,很好用,整体
292,_,不错,整体
292,_,非常清爽,使用体验
292,_,舒服,使用体验
293,_,挺水润服帖的,使用体验
293,_,稍微白了,功效
294,_,长,使用体验
295,_,很好用,整体
296,_,还可以,整体
297,赠品,最优惠,价格
298,_,不错,整体
298,_,很服帖,使用体验
298,物流,很快,物流
299,_,很棒的,整体
299,价格,小贵一些,价格
300,_,不干燥,使用体验
301,_,一真好,整体
302,_,不错,整体
302,_,很舒服,使用体验
303,_,不错,整体
303,_,好评,整体
304,_,很喜欢,整体
304,礼品,_,价格
305,_,比较实惠,价格
306,_,很好用,整体
307,_,不错,整体
308,快递,真快,物流
308,_,很满意,整体
308,_,模糊了,整体
309,粉底,太少了,气味
309,_,很少,整体
309,_,有粉底,整体
310,_,不错,整体
310,_,很好用,整体
311,_,很香,气味
311,_,很白,功效
311,_,还可以,整体
312,_,不错,整体
312,遮瑕,还提亮肤色,功效
313,_,有点小,尺寸
314,_,还不,整体
314,_,挺好,整体
314,_,相当实惠,价格
315,_,很好,整体
315,_,漂亮,整体
316,_,差评,整体
316,_,太小,真伪
316,_,都盖,使用体验
316,精华,太少了,成分
317,上妆效果,还可以,功效
318,_,是正品,真伪
318,赠品,_,价格
319,_,很好,整体
319,保湿,不错,功效
319,价格,合适,价格
320,_,超快,物流
321,_,物美价廉,价格
322,包装,好看,包装
323,补水效果,很好,功效
323,_,很薄,使用体验
324,价格,_,价格
325,保湿效果,很好,功效
326,_,很喜欢,整体
326,_,非常喜欢,整体
326,_,很高,价格
326,_,特别喜欢,整体
327,_,不错挺好用的,整体
328,_,的好,整体
329,_,真的不错,整体
330,_,很服帖,使用体验
330,_,超服帖,使用体验
331,_,不错,整体
332,_,提亮肤色,功效
332,_,不油腻,使用体验
333,味道,好闻,气味
333,保湿效果,好,功效
334,_,不错,整体
334,速度,很快,物流
480,_,不错,整体
480,速度,很快,物流
1230,_,不错,整体
1230,速度,很快,物流
2145,_,不错,整体
2145,速度,很快,物流
335,_,很保湿,功效
335,_,有点油,使用体验
335,_,不提亮肤色,功效
336,_,很好,整体
336,物流,给了,物流
336,_,不错不错,整体
1529,_,很好,整体
1529,物流,给了,物流
1529,_,不错不错,整体
337,_,给力,整体
337,速度,快,物流
338,_,有点干,使用体验
339,_,不错,整体
339,送货,很快,物流
340,_,很好,整体
340,_,很喜欢,整体
341,_,粉粉嫩嫩的,使用体验
341,_,很适合,整体
341,_,非常滋润,使用体验
341,_,一点不干,使用体验
341,_,不油腻,使用体验
341,_,很自然,功效
342,泡沫,很多,使用体验
342,_,不干,使用体验
342,_,挺滋润的,使用体验
342,_,超级划算,价格
343,_,很实惠,价格
343,发货速度,快,物流
343,_,很实惠,价格
343,发货速度,快,物流
344,_,温和洗后不紧绷,使用体验
345,包装颜值,超级高,包装
345,物流,超级快,物流
345,_,太满意,整体
346,_,非常平价,价格
346,补水,不错,功效
347,酒精味,不,气味
349,_,出现白白的,功效
349,_,掉皮,使用体验
350,_,还不错,整体
351,_,没什么,使用体验
352,_,很不错,整体
352,_,可以,整体
352,_,保护皮肤,使用体验
353,_,用,整体
353,_,还算可以,整体
354,持久情况,有点黏黏,功效
354,_,持久性可以,整体
355,味道,很好闻,气味
355,_,还好,整体
356,_,还不错,整体
356,价格,挺好用的,价格
356,_,实惠,价格
357,保湿效果,非常好,功效
358,_,不错,整体
358,_,不是都,使用体验
359,_,很薄,使用体验
359,_,很水润,使用体验
359,_,不过敏,使用体验
360,_,可以,整体
360,_,不错,整体
360,_,很清爽不油腻,使用体验
361,_,淡淡的,气味
361,味道,不辣眼睛,气味
361,_,挺好用的,整体
362,_,油,使用体验
363,_,还是不错,整体
364,补水效果,非常好,功效
365,快递,很给力,物流
366,_,还可以,整体
367,_,挺好的,整体
368,_,挺好用的,整体
369,_,不错,整体
369,_,货真价实,整体
370,_,挺好用的,整体
371,物流,快,物流
371,颜色,好,功效
371,_,物超所值,整体
371,赠品,正品,价格
372,包装,很好,包装
372,物流,很快,物流
372,_,不错,整体
373,快递,好快,物流
374,_,非常好,整体
374,_,喜欢,整体
375,到货速度,快,物流
376,_,很好,整体
376,_,挺薄的,使用体验
376,精华,挺多的,成分
376,_,很舒服,使用体验
377,价格,实惠,价格
377,_,可以,整体
378,_,很保湿,功效
379,提亮效果,还不错,功效
380,_,还好吧,整体
380,日期,新鲜的,成分
381,_,不错,整体
382,_,很好用的,整体
383,_,比较自然,功效
384,_,超喜欢,整体
384,味道,香香的,气味
384,快递,很给力,物流
385,_,挺滋润的,使用体验
385,_,比较干,使用体验
385,_,很服帖,使用体验
385,_,很滋润,使用体验
386,_,可以的,整体
386,_,很好用,整体
387,控油效果,没话说,功效
388,_,好,整体
388,_,很喜欢,整体
389,_,超级润,使用体验
389,_,喜欢,整体
389,_,不错,整体
390,_,太好用了,整体
391,_,还好,整体
392,_,非常的好,整体
392,价格,实惠,价格
392,_,轻薄不油腻,使用体验
392,_,非常容易上妆,使用体验
393,_,很自然,功效
393,质地,保湿滋润,使用体验
393,香味,淡淡,气味
394,_,很好用,整体
394,_,很喜欢,整体
395,_,好干净,功效
395,_,不紧绷,使用体验
396,_,补水,功效
397,保湿效果,确实不错,功效
398,物流,_,物流
399,快递,很给力,物流
399,包装,很好,包装
400,_,很好用,整体
400,_,很喜欢,整体
401,_,挺好的,整体
401,_,好用,整体
402,_,非常舒服,使用体验
402,_,不会特别,整体
403,_,好,整体
403,_,很好非常好,整体
403,_,非常好,整体
404,_,超级好用,整体
404,活动,很划算,价格
405,盖子盖,不上,物流
405,_,差,整体
406,_,好评,整体
407,补水效果,相当不错,功效
407,精华液,特别多,成分
407,_,喜欢,整体
408,_,不错,整体
409,_,可以用,整体
409,_,物美价廉,价格
410,_,不错,整体
410,_,非常清爽不油腻,使用体验
411,_,不错,整体
411,活动物流,很快,价格
412,_,还可以,整体
412,价格,很实惠,价格
1659,_,还可以,整体
1659,价格,很实惠,价格
413,_,很划算,价格
413,_,非常实用,整体
414,_,非常喜欢,整体
414,_,正品,真伪
415,_,非常好用,整体
416,_,挺好的,整体
416,_,挺好用的,整体
416,价格,实惠,价格
417,_,是正品,真伪
417,_,很不错,整体
418,_,很不错,整体
418,_,方便,使用体验
419,_,很小,整体
420,补水效果,很好,功效
420,_,很喜欢,整体
421,_,非常不错,整体
421,活动,_,价格
422,_,均衡肤色,功效
423,_,蛮好的,整体
423,精华,挺多的,成分
424,_,挺好,整体
424,味道,不错,气味
426,_,物美价廉,价格
426,_,便宜实惠,价格
427,酒精味,浓,气味
428,快递小哥服务,很不错,物流
429,_,挺喜欢,整体
429,_,好评,整体
430,_,比较清爽,使用体验
430,_,不油腻,使用体验
430,物流,快,物流
431,_,挺不错的,整体
432,物流,超级给力非常快,物流
432,_,非常不错,整体
433,_,还不错,整体
434,_,很好用,整体
435,_,很好用,整体
436,_,挺不错的,整体
438,_,不油腻,使用体验
438,_,好评,整体
438,_,有点贵,价格
439,_,很好哦,整体
439,_,很香,气味
439,_,很喜欢,整体
439,_,很棒,整体
440,_,还可以,整体
440,精华,挺充足的,成分
440,价位,可以接受,价格
441,_,很好用,整体
441,_,很干净,功效
441,_,不紧绷,使用体验
443,_,超级大赞,整体
443,_,超级划算,价格
444,_,非常好用,整体
444,_,细腻白皙,使用体验
444,味道,特别好闻,气味
445,_,很喜欢,整体
446,_,非常好用,整体
446,精华,很多,成分
447,_,挺好的,整体
447,物流,很快,物流
448,_,还可以,整体
448,_,挺好的,整体
449,_,五分好评,整体
450,_,还可以,整体
450,_,挺补水的,功效
451,_,不错,整体
451,_,很好用,整体
452,保质期,_,新鲜度
453,物流,很快,物流
453,_,显白,功效
453,_,有点干,使用体验
455,_,很好,整体
455,速度,快,物流
456,快递速度,很快,物流
456,_,不错,整体
457,隔离效果,好,功效
457,_,温和不刺激,使用体验
458,_,挺好的,整体
458,物流,挺快的,物流
459,_,挺好用,整体
459,赠品,_,价格
460,_,不错,整体
460,_,很好的,整体
461,_,很喜欢,整体
462,_,不错,整体
463,_,不像正品,真伪
464,配送,蛮快的,物流
465,_,刺痛,使用体验
465,_,太多,使用体验
466,_,还不错,整体
466,香味,淡淡的,气味
466,配送人员服务态度,好,物流
467,_,特别好用,整体
467,_,很喜欢,整体
468,_,保湿不干,功效
468,_,很喜欢,整体
469,_,挺好用的,整体
470,快递,杠杠滴,物流
471,_,是正品,真伪
471,_,特好用,整体
472,_,刺痛,使用体验
473,_,还不错,整体
473,_,可以,整体
474,_,还不错,整体
474,_,很补水,功效
475,_,很划算,价格
477,_,好评,整体
477,快递小哥快递小哥,_,物流
478,赠品,_,价格
479,_,润润的,使用体验
479,_,易吸收,使用体验
479,香味,很舒服,气味
481,_,差,整体
482,_,好很多,整体
482,物流发货,快,物流
482,_,赞一个,整体
483,_,真心不错,整体
484,吸收,挺好用的挺快的,使用体验
485,_,不好,整体
485,_,过敏,使用体验
486,_,挺好,整体
487,商家服务态度,很好,服务
487,_,水水的,使用体验
487,_,挺好,整体
488,_,很好用,整体
488,活动,很划算,价格
489,_,不错,整体
489,_,超值,价格
490,_,特别好,整体
490,_,非常喜欢,整体
491,包装,_,包装
492,_,很好,整体
492,_,很好,整体
492,包装,不错,包装
492,送货,快,物流
492,香味,淡淡的,气味
492,_,很自然,功效
492,_,不会浮粉,使用体验
492,价钱,合理,价格
493,_,便宜,价格
494,_,还好吧,整体
495,_,还行,整体
496,_,很好用,整体
497,_,很好用,整体
498,_,还不错,整体
499,_,是正品,真伪
499,_,很好,整体
500,_,黏黏的,使用体验
500,_,不舒服,使用体验
500,酒精,_,整体
501,活动,_,价格
502,_,可以,整体
502,_,提好用,整体
503,_,很好用,整体
503,_,有点油腻泛白,使用体验
503,_,还不错,整体
504,_,还不错,整体
505,_,确实不错,整体
506,_,很好用,整体
506,_,脸滑滑的,使用体验
507,_,很好用,整体
507,保湿效果,不错,功效
507,粉质,细腻,使用体验
508,_,是正品,真伪
508,_,便宜,价格
509,_,不错,整体
509,_,喜欢,整体
510,_,不错,整体
511,_,还不错,整体
511,_,很不错,整体
512,_,好用,整体
512,_,美美哒,整体
513,_,清清爽爽不油腻,使用体验
513,_,很好,整体
514,包装,很满意,包装
514,物流,很快,物流
514,_,很好用,整体
515,包装,比较优惠,包装
515,物流,快,物流
515,配送员服务,好,物流
803,包装,比较优惠,包装
803,物流,快,物流
803,配送员服务,好,物流
516,_,好用,整体
517,_,挺好的,整体
517,_,很实惠,价格
518,_,满意,整体
519,_,还不错,整体
519,包装,真的不好,包装
520,_,很多,整体
520,_,要不然太多了吸收不了,使用体验
521,_,起泡沫,使用体验
521,泡沫,细腻,使用体验
521,_,很温和,使用体验
521,味道,好闻是正品,气味
523,塑料味,_,气味
524,_,很好,整体
525,_,很喜欢,整体
526,_,很方便,整体
528,味道,很好,气味
528,_,容易推开,使用体验
529,_,隐形毛孔,功效
529,_,便宜,价格
529,_,很好的,整体
529,_,不过敏,使用体验
530,_,很自然,功效
530,_,不错,整体
531,_,不错,整体
531,价位,_,价格
532,_,还不错,整体
532,价格,实惠,价格
532,性价比,不错,整体
533,_,挺好的,整体
533,_,方便,使用体验
534,_,好评好评好评,整体
535,_,垃圾,整体
536,_,还行,整体
536,_,不是很白,功效
536,味道,可以,气味
537,性价比,非常高,价格
537,物流,非常快,物流
538,_,不错,整体
538,遮暇,一般,功效
538,_,较自然,功效
539,_,太温和,使用体验
539,_,的滑滑的,使用体验
540,收货,不错不错不错挺好的,气味
541,补水,保湿清爽不油腻,功效
542,_,坑,物流
542,_,降价,价格
542,_,降那么快,功效
543,补水,不错,功效
543,_,挺好用的,整体
544,包装,很简陋,包装
545,补水效果,不错,功效
546,_,正品实惠,价格
547,_,很满意,整体
547,_,很实惠,价格
548,物流,_,物流
549,物流,值得信赖,物流
549,_,很满意,整体
550,_,不好,整体
550,_,过敏,使用体验
550,_,清洁,功效
550,香味,太浓,气味
551,_,这么优惠的,价格
552,味道,很难形容,气味
552,_,很讨厌,整体
553,_,很好用,整体
553,_,不卡粉,使用体验
553,_,上装,使用体验
553,_,很自然,功效
553,_,滑滑的,使用体验
553,_,很喜欢,整体
554,_,还不错,整体
554,_,挺滋润,使用体验
555,包装,精致,包装
555,态度,挺好的,服务
696,包装,精致,包装
696,态度,挺好的,服务
556,快递,很快,物流
556,_,很好,整体
557,_,很好用,整体
558,_,不错,整体
559,_,不怎么好用,整体
559,_,不好,整体
560,精华,很多,成分
560,_,很舒服,使用体验
561,_,吸收也算挺好,使用体验
562,_,没什么用,整体
563,_,补水,功效
564,_,不错,整体
565,_,还可以,整体
565,包装,很不错,包装
566,_,不怎么的好,整体
567,_,挺好的,整体
567,_,调整肤色,功效
567,_,蛮好用,整体
567,味道,不错,气味
568,_,不是很白,功效
568,_,不是遮暇的,功效
568,_,太差劲,使用体验
569,味道,比较大,气味
569,_,不适合,整体
569,_,太白了,功效
570,_,不错,整体
571,_,不好用,整体
571,_,不干净,功效
571,味道,很大,气味
572,_,很好,整体
572,_,不错,整体
572,气味,清香,气味
573,_,好划算,价格
575,_,还蛮好的,整体
576,_,非常的好用,整体
576,泡沫,细腻,使用体验
576,_,温和不刺激,使用体验
576,清洁能力,强,功效
576,_,大爱,整体
577,_,挺干的,使用体验
577,持妆效果,还可以,功效
578,_,特别好用,整体
579,_,很好,整体
580,_,打开,使用体验
580,_,挺不错,整体
581,_,好用,整体
581,_,滑滑的,使用体验
581,保湿效果,很好,功效
582,_,很满意,整体
582,_,很不错,整体
583,_,贴上无,使用体验
583,_,透气好,使用体验
583,_,满意,整体
584,_,比较便宜,价格
584,_,粗糙,整体
584,_,洗手液用,整体
585,_,很好,整体
585,_,很喜欢,整体
586,_,不错,整体
587,_,挺香的,气味
587,持久情况,还好,功效
588,_,是正品,真伪
589,_,好用,整体
589,_,特别润,使用体验
589,补水效果,好,功效
590,包装,比较高大上,包装
590,_,杂牌的,整体
591,_,好用不刺激,使用体验
592,颜值,高,包装
592,包装,很漂亮,包装
592,_,应该不错,整体
593,保湿效果,不错,功效
594,快递小哥,挺细腻,物流
595,_,好评,整体
596,_,很好,整体
598,_,挺白的,功效
598,隔离效果,不好,功效
599,_,可以,整体
599,_,挺好的,整体
600,_,喜欢,整体
600,_,不油腻,使用体验
600,_,细腻均匀,使用体验
600,_,很自然,功效
600,_,大爱,整体
601,_,还不错,整体
601,_,很自然,功效
601,_,很香,气味
601,赠品,_,价格
603,保湿效果,很舒服,功效
603,_,真心不错,整体
604,_,非常不错,整体
604,_,气色,使用体验
604,_,很自然,功效
604,_,保湿,功效
605,_,好用,整体
605,_,很自然,功效
605,_,也耐用,其他
605,_,好评,整体
606,_,非常好,整体
606,_,非常快,物流
606,_,非常值,价格
607,_,不错,整体
607,_,方便,使用体验
608,_,挺好,整体
608,_,很补水,功效
608,精华,很多,成分
608,价格,实惠,价格
609,_,超级好,整体
609,精华,少了点,成分
609,_,很好闻,气味
609,_,喜欢,整体
610,包装,非常好,包装
611,价格,有点贵,价格
612,_,还不错,整体
613,_,不错,整体
613,_,超级好用,整体
614,_,还可以,整体
614,味道,好闻,气味
615,_,还不错,整体
616,_,很喜欢,整体
617,价格,好划算,价格
617,补水效果,挺好的,功效
618,_,不好用,整体
618,_,浮粉,使用体验
619,_,很好,整体
620,_,还不错,整体
620,_,挺好看,整体
621,_,特优惠,价格
622,保湿效果,非常好,功效
623,_,不错,整体
624,_,划算,价格
624,_,很舒服,使用体验
625,_,很好用,整体
626,香味,浓郁,气味
626,_,不一样,整体
627,活动,物美价廉,价格
627,物流,非常满意,物流
627,送货,_,物流
628,_,速度,物流
628,_,快,物流
628,_,很不错,整体
629,物流,快捷给力,物流
629,包装,到位严实,包装
630,包装,是不是正品,包装
631,_,特别服帖,使用体验
631,_,不干,使用体验
631,_,轻薄透气,使用体验
632,_,便宜很多,价格
633,_,量太少了,使用体验
634,味道,刺鼻的,气味
634,_,香香的,气味
634,_,不紧绷,使用体验
634,_,好用,整体
635,_,不错,整体
635,遮瑕,一般,功效
636,_,很好,整体
636,_,非常好,整体
636,_,越来越好,整体
637,送货速度,快,物流
637,服务,水水的润润的,服务
638,_,非常棒,整体
638,_,很满意,整体
639,_,还不错,整体
640,_,不推荐,整体
641,_,不错,整体
641,_,不错,整体
642,_,还不错,整体
644,_,过敏了,使用体验
645,_,非常喜欢,整体
646,_,是正品,真伪
646,_,不错,整体
647,_,很舒服,使用体验
648,包装,没,包装
649,_,很好,整体
650,_,真心好用,整体
650,_,提亮了,功效
651,_,很好,整体
652,泡沫,丰富,使用体验
652,_,清洁,功效
652,_,有,整体
652,_,喜欢,整体
653,_,挺好用的,整体
653,活动,很多,价格
653,_,很划算,价格
654,味道,淡淡的,气味
654,_,有点滑,使用体验
655,_,不错,整体
656,_,挺好用的,整体
656,保湿效果,不错,功效
656,_,挺好的,整体
657,_,挺保湿的,功效
657,_,不怎么干,使用体验
658,_,不错,整体
659,_,正品,真伪
660,_,还不错,整体
660,_,还可以,整体
661,包装,很好,包装
661,物流,快,物流
662,_,很好,整体
662,_,非常不错,整体
663,_,挺好的,整体
663,泡沫,多,使用体验
663,_,还保湿,功效
664,_,这话一点,整体
665,_,很贴合,使用体验
665,保湿效果,很好,功效
665,_,优惠,价格
666,_,很好用,整体
667,_,很棒,整体
667,_,不刺激,使用体验
667,物流,快,物流
668,_,还不错,整体
668,_,很细,使用体验
669,_,不错,整体
669,_,满意,整体
670,快递,挺快的,物流
670,_,挺大,使用体验
671,_,好用,整体
671,补水效果,棒,功效
671,精华,比较多,成分
671,_,不错,整体
672,_,很好,整体
672,_,很满意,整体
673,_,便宜一些,价格
673,_,优惠一点,价格
673,气味,还好,整体
675,_,很划算,价格
675,_,很舒服,使用体验
676,包装,完整,包装
676,价格,实惠,价格
676,快递,很快,物流
676,赠品,多,价格
677,_,不错,整体
677,_,划算,价格
678,_,很喜欢,整体
679,保湿,还行,功效
679,价钱,不卡粉优惠,价格
680,速度,超快,物流
680,快递小哥,超级,物流
681,活动,超值够用,价格
682,_,挺好的,整体
683,_,轻薄,使用体验
683,_,不浮粉,使用体验
684,_,还行,整体
684,_,比较粘,使用体验
684,_,便宜,价格
685,_,挺好用的,整体
685,遮瑕效果,不错,功效
685,颜色,提亮,功效
685,_,不错,整体
686,_,非常好的,整体
686,_,很薄,使用体验
686,_,很舒服,使用体验
688,_,很好,整体
688,活动价格,很优惠,价格
688,_,很好用,整体
689,_,还不错,整体
690,物流,很快,物流
690,_,不错,整体
690,_,值得推荐,整体
691,物流,真是快,物流
691,_,不错,整体
692,_,很好用,整体
692,遮暇效果,非常不错,功效
692,_,很好,整体
693,_,便宜又好用,价格
1657,_,便宜又好用,价格
694,_,特别好用,整体
694,_,便宜一点点,价格
695,活动,实惠,价格
697,_,好评,整体
697,上妆,比较贴,使用体验
698,_,5星好评,整体
699,_,不好用,整体
699,_,失望,整体
700,_,好用,整体
700,瓶子,超级好看,包装
701,_,很好,整体
701,_,很不错,整体
701,_,好评好评,整体
702,活动力度,划算很多,价格
702,_,还可以,整体
703,_,假的,真伪
703,_,假的,真伪
703,外壳,无,包装
704,物流速度,真是快,物流
705,补水效果,不错,功效
705,物流,挺快的,物流
706,_,不错,整体
706,_,满意,整体
707,_,还不错,整体
708,_,很好,整体
708,_,很服贴,使用体验
708,精华液,好,成分
709,补水效果,没有,功效
709,_,芦荟胶好,整体
710,_,挺好的,整体
710,_,很划算,价格
711,物流,很快,物流
711,_,好,整体
712,_,挺好用,整体
712,_,挺干净的,功效
713,_,不错,整体
714,_,不错,整体
714,物流,超快,物流
715,补水效果,还不错,功效
716,泡沫,细腻,使用体验
716,_,凉凉的感觉,整体
716,_,还算满意,整体
717,_,挺好的,整体
718,_,不好,整体
718,_,过敏了,使用体验
719,_,超实惠,价格
719,_,不油腻,使用体验
719,_,挺好的,整体
719,美白效果,不错,功效
719,_,挺好,整体
721,_,清爽,使用体验
721,_,不适合,整体
722,_,一般,整体
732,_,一般,整体
999,_,一般,整体
723,_,还不错,整体
724,_,好评,整体
724,_,挺好用的,整体
724,_,不过敏,使用体验
725,发货,快,物流
725,_,是正品,真伪
725,价钱,便宜,价格
726,补水遮瑕,保湿面部,功效
726,_,很好用,整体
727,_,还可以,整体
727,精华,少了点,成分
728,_,很好用,整体
729,_,不错,整体
730,_,一般,整体
730,_,不怎么控油,功效
730,_,有点,整体
730,_,不好,整体
731,_,很不错,整体
731,_,很喜欢,整体
733,_,很好用,整体
733,_,细腻光滑水润,使用体验
733,性价比,高,价格
734,_,还好吧,整体
734,_,便宜,价格
734,_,很划算,价格
734,_,还不错,整体
735,物流,挺快,物流
736,_,差评,整体
736,赠,没有,价格
737,水分,很足,成分
737,_,很不错,整体
737,物流,快,物流
737,_,还,整体
737,_,很实惠,价格
738,_,非常喜欢,整体
738,_,很满意,整体
739,_,挺满意的,整体
740,补水效果,不错,功效
741,物流,很快,物流
741,_,很划算,价格
742,_,好用,整体
742,清洁能力,好用,功效
743,_,不错,整体
743,味道遮瑕,保湿,气味
743,_,很棒,整体
744,_,挺好用的,整体
744,_,比较好,整体
745,_,不错,整体
746,发货速度,挺快,物流
747,防晒,有那么,功效
747,_,油,使用体验
747,_,挺好推开的,使用体验
747,防晒效果,不太清楚,功效
748,礼品,_,价格
749,_,很好,整体
749,_,是正品,真伪
750,送货,非常快,物流
750,服务,好,服务
750,_,很不错,整体
750,性价比,很高,价格
751,_,还好,整体
751,_,蛮清爽,使用体验
752,_,给力,整体
752,物流速度,快,物流
752,_,很喜欢,整体
753,_,还好吧,整体
754,_,很快,物流
754,_,很方便,整体
754,_,实惠,价格
754,_,很好,整体
755,_,好没有用,整体
756,_,好用,整体
757,快递,点个赞,物流
757,_,超级快,物流
757,_,杠杠滴,整体
757,_,很不错,整体
757,_,棒棒哒,整体
758,_,还可以,整体
759,活动,实惠,价格
760,活动,给力,价格
761,_,温和不刺激,使用体验
761,包装,很好,包装
761,_,不错,整体
762,_,确实不错,整体
762,_,失望,整体
763,_,还好吧,整体
763,_,人用便宜的,价格
764,发货,很快,物流
764,_,超级,整体
765,_,超级赞,整体
765,活动,很值,价格
766,_,了好用,整体
767,_,不错,整体
768,_,白,功效
768,_,的好,整体
768,_,不错,整体
769,_,喜欢,整体
769,味道,很喜欢,气味
770,物流,很快,物流
770,_,很棒,整体
771,_,降价,价格
772,_,提亮肤色满分,功效
772,_,太棒了,价格
772,_,大爱,整体
773,_,还不错,整体
774,价格,实惠,价格
774,服务送货,快,物流
775,_,不好用,整体
775,_,不好用,整体
775,_,不好用,整体
775,味道,特别刺鼻,气味
775,_,难,整体
775,_,闻到爆,整体
776,_,挺水润,使用体验
777,_,不便宜,价格
778,_,好用,整体
778,保湿效果,很好,功效
778,_,喜欢,整体
779,_,自然,功效
779,_,很贴妆,使用体验
779,_,不,整体
779,_,好看,整体
779,_,自然,功效
779,颜色味道,喜欢,气味
780,_,便宜,价格
781,_,真心不错,整体
782,补水效果,很不错,功效
782,_,好了,整体
783,补水效果,挺不错的,功效
783,快递,快,物流
784,_,挺好的,整体
784,_,挺喜欢,整体
784,_,很好看,整体
784,_,挺舒服,使用体验
784,_,还不错,整体
785,_,服帖,使用体验
786,_,很干,使用体验
786,_,很干,使用体验
786,_,不值,整体
787,_,还不错,整体
787,速度,很快,物流
788,_,挺好用的,整体
790,_,不错,整体
790,_,不是太干,使用体验
791,_,太,整体
791,_,苍白了,整体
792,味道,淡淡的,气味
792,_,很好闻,气味
792,_,很好用,整体
793,_,过敏,使用体验
794,味道,香香的,气味
794,外观,特别漂亮,包装
795,补水效果,真的好,功效
795,物流,很快,物流
795,_,非常满意,整体
797,_,快,物流
798,_,不错得,整体
798,_,补水,功效
798,_,不大,其他
798,补水,真的不错,功效
799,_,还不错,整体
800,盒子,好看,包装
800,_,希望好用,整体
801,_,很好,整体
801,香味,淡淡的,气味
801,价格,很美丽,价格
802,_,很好,整体
802,_,很舒服,使用体验
804,_,挺好的,整体
804,价格,实惠,价格
805,_,挺好用的,整体
805,_,还可以,整体
806,_,挺合适,价格
806,活动,给力,价格
807,_,很好,整体
808,_,好评,整体
809,_,很好喜欢,整体
809,味道,淡淡的,气味
809,_,喜欢,整体
810,_,非常好用,整体
810,_,很薄,使用体验
810,补水效果,不错,功效
811,_,还不错,整体
812,_,挺好用的,整体
812,_,比较水润,使用体验
812,上妆,挺容易,使用体验
812,物流,很快,物流
813,活动,很划算,价格
814,包装,完好,包装
815,快递快递,_,物流
816,物流,太给力了,物流
816,_,超级快,物流
817,_,不错,整体
817,_,很温和不刺激皮肤,使用体验
818,补水效果,好用棒棒哒,功效
819,活动价,实惠,价格
819,_,好,整体
820,_,还不错,整体
821,_,很好,整体
821,_,很服帖,使用体验
821,_,没有浮粉,使用体验
822,_,喜欢,整体
823,_,很好用,整体
824,_,不错,整体
824,_,非常满意,整体
826,_,很好推开,使用体验
826,_,细腻,使用体验
826,均匀肤色,很好,功效
826,_,棒棒哒,整体
827,速度,挺快,物流
827,快递员,_,物流
828,补水效果,挺好的,功效
829,物流,很快,物流
829,_,很好,整体
830,_,是正品,真伪
831,_,还可以,整体
831,_,不多,功效
831,_,有点点油,使用体验
832,_,一堆垃圾,整体
833,_,是正品,真伪
833,_,挺好的,整体
834,_,挺好的,整体
834,成膜,比较慢一些,功效
834,_,好用,整体
835,吸收情况,容易吸收,使用体验
835,_,很好推开,使用体验
835,性价比,高,价格
835,保湿程度,一般,功效
836,_,很喜欢,整体
836,_,还不错,整体
837,_,很好,整体
838,_,还行,整体
838,上妆效果,挺好的,功效
839,包装,还可以,包装
840,_,超级好用,整体
840,活动价,_,价格
841,_,还行吧,整体
841,_,太香了,气味
841,_,比较少,使用体验
841,_,不太喜欢很香,气味
842,物流,蛮快,物流
842,_,不错,整体
843,_,超级好用,整体
843,_,不干,使用体验
843,_,香香的,气味
844,_,不错,整体
844,_,正品,真伪
845,物流,超级快,物流
845,_,很划算,价格
845,_,便宜,价格
845,_,好评,整体
846,_,很实惠,价格
847,_,不错,整体
847,保湿,挺好的,功效
847,快递,很快,物流
848,活动,挺划算的,价格
849,_,发错,使用体验
849,_,没收到,价格
850,_,还不错,整体
851,_,很好用,整体
851,_,棒棒哒,整体
852,_,不是特别油腻,使用体验
852,_,轻薄好上妆,使用体验
853,_,随便用用不错,整体
854,保湿效果,挺好的,功效
854,_,是正品,真伪
855,包装,挺好的,包装
855,_,是正品,真伪
856,_,还可以,整体
856,_,比较满意,整体
857,_,还不错,整体
857,_,很好的,整体
858,_,正品,真伪
858,_,很好,整体
859,_,保湿,功效
859,_,很好用,整体
859,_,真的划算,价格
860,_,有点油,使用体验
860,_,很棒,整体
860,_,很贴心,整体
861,快递,才到,物流
861,快递一样,_,物流
862,_,好油好油好油,使用体验
862,_,不,整体
863,_,很好用,整体
863,_,喜欢,整体
864,_,挺保湿的,功效
864,_,有点黏腻,使用体验
865,_,香香的,气味
865,_,挺好用,整体
865,_,不是,整体
865,_,很贵,价格
866,_,还可以,整体
866,_,遮暇,功效
867,_,很喜欢,整体
867,赠品,好超值,价格
867,_,很喜欢,整体
867,_,不错,整体
868,_,非常好用,整体
869,_,不错,整体
870,_,还不错,整体
870,_,正品,真伪
870,_,便宜,价格
871,补水效果,非常好,功效
871,精华,嫩嫩的很多,成分
871,_,光滑,使用体验
871,_,很保湿不刺激,功效
872,_,挺好的,整体
872,包装,精美漂亮,包装
872,_,正品,真伪
873,客服,五星好评,服务
873,_,特别好,整体
874,_,细腻柔滑,使用体验
874,味道,清香,气味
875,_,最便宜,价格
876,_,挺好用的,整体
876,_,挺多的,整体
877,_,很喜欢,整体
878,_,不错,整体
878,_,很轻薄,使用体验
879,活动保湿补水,应该不错,功效
880,_,真心不错,整体
880,_,很服帖,使用体验
880,_,超级划算,价格
881,_,非常好,整体
881,_,很好用,整体
881,_,真的补水,功效
882,_,大爱,整体
882,_,非常喜欢,整体
883,送货,真的,物流
884,_,还可以,整体
884,_,超舒服,使用体验
885,_,还不错,整体
885,_,非常实惠,价格
886,_,好用,整体
887,遮瑕,好用,功效
887,_,自然白,功效
888,快递速度,这么快,物流
888,价格,这么实惠,价格
889,价格,亲民,价格
890,_,很满意,整体
891,_,非常好用,整体
892,_,很好,整体
894,_,一如既往的好用,整体
895,_,好用,整体
895,颜色,挑错了,功效
896,_,不错,整体
897,_,很好用,整体
897,_,很喜欢,整体
898,泡沫,不干净,使用体验
899,_,挺好,整体
899,_,太喜欢,整体
900,_,非常滋润,使用体验
901,_,物美价廉,价格
901,_,五星好评,整体
902,_,方便,使用体验
902,设计,挺好,包装
902,_,不刺激,使用体验
902,清洁,挺干净的,功效
902,_,喜欢,整体
903,_,很快,物流
903,_,还不错,整体
904,_,香香的,气味
904,_,很满意,整体
905,_,快,物流
905,_,很给力,整体
906,_,nice,使用体验
906,_,好用,整体
906,_,是正品,真伪
906,活动,超划算,价格
906,_,棒棒哒,整体
907,_,很保湿,功效
907,精华,很多,成分
908,_,好,整体
908,_,超喜欢,整体
908,物流,快,物流
908,_,超级满意,整体
909,收货,及时,物流
909,_,很适合,整体
910,_,不错,整体
910,_,美美哒,整体
911,酒精味,太重,气味
911,_,有点油,使用体验
911,_,很好,整体
912,活动,特别的不错,价格
912,_,很优惠,价格
912,_,优惠很多,价格
913,_,很好,整体
914,_,还不错,整体
915,快递,真是神速,物流
915,_,优惠很多,价格
916,_,不好用,整体
916,_,抹不开,使用体验
916,_,没有提亮肤色,功效
917,_,真心不错,整体
918,_,还不错,整体
919,味道,没错是正品,气味
919,瓶盖,碎,物流
920,_,是正品,真伪
921,_,还可以,整体
921,_,不足,整体
922,快递,很给力,物流
923,保湿效果,还不错,功效
924,_,好用,整体
924,补水效果,很好,功效
924,活动,很实惠,价格
925,味道,挺好的不错挺保湿,气味
926,_,挺好,整体
926,味道,好,气味
926,_,不过敏补水,使用体验
927,_,很好,整体
927,_,非常喜欢,整体
927,_,没错,使用体验
928,_,一如既往的好,整体
929,_,一如既往的好,整体
929,_,喜欢喜欢喜欢喜欢喜欢喜欢,整体
931,物流,快,物流
932,味道,比较,气味
932,精华,非常好吸收,成分
932,_,轻微的黏腻,气味
932,_,轻微,整体
933,_,到,价格
933,速度,快,物流
934,_,不好用,整体
934,_,卡粉,使用体验
935,_,还可以,整体
935,活动,_,价格
936,_,不错,整体
936,性价比,很高,价格
937,服帖精华,很多,使用体验
937,_,很好用,整体
937,_,不过敏,使用体验
938,_,一点都不好用,使用体验
1928,_,一点都不好用,使用体验
939,_,比较干,使用体验
939,_,没,整体
939,_,觉着干,使用体验
939,保湿效果,很好,功效
940,_,还不错,整体
940,_,自然,功效
941,_,确定好,整体
941,价格,还便宜,价格
942,_,一般,整体
943,_,挺好吸收,使用体验
943,_,不油腻,使用体验
943,_,挺好,整体
944,补水效果,不错,功效
945,补水效果,不错,功效
945,包装,好看,包装
945,_,柔软,使用体验
945,_,很薄,使用体验
946,_,不错,整体
947,_,挺喜欢,整体
947,_,很实惠,价格
947,_,水水,使用体验
948,_,不错,整体
949,_,有点油,使用体验
949,_,还没有成膜,使用体验
950,_,有点不舒服,使用体验
952,_,还不错,整体
952,_,挺舒服的,使用体验
953,_,提亮肤色挺好用的,功效
954,_,不错,整体
954,_,很好,整体
955,_,快,物流
955,_,好,整体
955,_,很不错,整体
955,_,棒棒哒,整体
956,_,挺好的,整体
956,颜色,不自然,功效
956,_,有点假白,功效
956,_,定妆,功效
956,_,不持久,功效
956,_,好少,整体
957,_,好用好用挺不错,整体
958,快递快递速度,_,物流
959,_,还不错,整体
959,_,挺香的,气味
959,_,不是,整体
959,_,很丰富,使用体验
959,_,挺好,整体
959,_,不干燥,使用体验
960,_,还不错,整体
961,_,很好用,整体
961,物流,很快,物流
962,_,不错,整体
964,_,不自然,功效
965,_,没舍得用,整体
966,_,浮粉,使用体验
966,颜色,太白,功效
966,_,显毛孔,功效
967,_,很滋润,使用体验
968,_,很好用,整体
969,_,挺好用的,整体
969,_,非常满意,整体
1128,_,挺好用的,整体
1128,_,非常满意,整体
971,赠品,挺好用,价格
971,_,棒棒哒,整体
972,_,好用经济,价格
972,_,实惠,价格
973,_,还不错,整体
973,_,还可以,整体
973,_,便宜,价格
974,_,还可以不黏腻,整体
975,_,不清爽,使用体验
977,_,特别好用,整体
977,_,很薄,使用体验
977,_,很舒服,使用体验
978,_,不错,整体
979,_,有点小,尺寸
980,_,还行,整体
981,_,挺温和,使用体验
981,_,还可以,整体
982,_,好用,整体
982,_,不错,整体
983,_,不习惯,使用体验
983,_,挺好用的,整体
983,_,好评,整体
984,_,良好,整体
984,_,无异常,整体
984,_,喜欢,整体
985,_,很好用,整体
985,_,均匀肤色,功效
985,_,好用,整体
986,卸妆效果,很好,功效
986,_,很满意,整体
987,包装,一般,包装
988,_,很好用,整体
988,味道,太划算,气味
989,_,很好用,整体
990,_,便宜不少,价格
991,_,一如既往的好,整体
992,保湿补水效果,好,功效
992,吸收,特别快,使用体验
992,价格,超值,价格
993,_,好用,整体
993,_,不刺激,使用体验
994,活动,_,价格
995,_,很好用,整体
995,_,很开心,整体
995,肤色,很好,功效
996,_,满意,整体
996,_,吸收好,使用体验
997,_,还可以,整体
998,发货,及时,物流
998,_,还是那么的好,整体
1000,_,好评,整体
1001,_,好用,整体
1001,_,很划算,价格
1002,_,很喜欢,整体
1002,_,超强大,整体
1002,_,提亮肤色,功效
1002,_,很润,使用体验
1002,_,很服帖,使用体验
1003,_,不是,整体
1003,_,很好用,整体
1004,_,还不错,整体
1004,_,好评,整体
1005,_,很合适,整体
1005,_,好用,整体
1005,价格,亲民,价格
1006,_,不错,整体
1006,_,很好用,整体
1007,_,好很多,整体
1007,补水,保湿不油腻,功效
1008,_,很好,整体
1008,性价比,高,价格
1008,_,很方便,整体
1009,_,干巴巴,使用体验
1009,_,不理想,整体
1010,_,很好用,整体
1010,_,很香,气味
1011,_,滋润亮白保湿,功效
1011,_,非常不错,整体
1012,_,不错,整体
1012,_,挺精致的,整体
1013,_,不错,整体
1013,快递,很快,物流
1014,_,蛮好用,整体
1014,_,超喜欢,整体
1014,_,超满意,整体
1015,_,挺好用的,整体
1015,_,很细腻,使用体验
1015,遮瑕效果,挺好,功效
1016,_,挺小,尺寸
1016,_,挺自然,功效
1016,_,不错,整体
1017,_,合适,价格
1018,_,很舒服,使用体验
1019,物流,快,物流
1019,服务态度,好,服务
1020,_,挺划算的,价格
1021,_,好评,整体
1021,_,好用,整体
1022,活动,炒鸡合适,价格
1023,_,物有所值,整体
1023,_,快,物流
1024,_,挺好用的,整体
1024,_,实惠,价格
1024,_,还可以,整体
1025,精华,很多,成分
1025,快递员服务,超好,物流
1026,_,挺好用的,整体
1026,提亮效果,好,功效
1027,包装,很好,包装
1027,_,无破损,整体
1027,_,很喜欢,整体
1028,_,淡淡的清香,气味
1028,_,很好闻,气味
1029,_,非常不错,整体
1029,_,非常好用,整体
1030,_,挺好,整体
1030,_,不卡粉,使用体验
1031,活动,便宜好用物美价廉,价格
1032,_,好失望,整体
1032,保质期,评价那么好,功效
1033,_,超级好用,整体
1034,_,挺好用,整体
1034,_,还不错,整体
1035,_,打开,使用体验
1035,_,廉价的,整体
1035,_,不自然卡粉,功效
1036,_,是正品,真伪
1036,_,不错,整体
1037,_,很服帖,使用体验
1037,保湿效果,还行,功效
1037,_,特别划算,价格
1038,快递,好快,物流
1038,_,很好,整体
1038,精华,很多,成分
1039,_,不错,整体
1041,_,水水的,使用体验
1041,保湿,很好用,功效
1042,_,很好用,整体
1043,物流,很快,物流
1043,_,很满意,整体
1044,_,是正品,真伪
1045,_,非常方便,整体
1046,_,清爽不油腻,使用体验
1047,包装,完好,包装
1047,清香味,淡淡的,气味
1047,_,还好,整体
1048,性价比,很高,价格
1048,补水,滋润保湿,功效
1048,送货,超级快,物流
1049,_,不错,整体
1050,_,还好吧,整体
1050,保湿,不是那么好,功效
1051,_,挺喜欢的,整体
1051,味道,香香的,气味
1051,_,好评,整体
1052,味道,很清新,气味
1052,泡沫,起的不多,使用体验
1052,_,挺细腻的,使用体验
1052,清洁力度,还可以,功效
1052,_,不紧绷,使用体验
1052,_,挺温和的,使用体验
1053,_,一般般,整体
1053,_,不明显,整体
1054,_,一般般,整体
1054,_,搓,使用体验
1055,_,超赞,整体
1055,_,大爱,整体
1056,优惠活动,太赞了,价格
1057,_,好评,整体
1058,_,挺不错的,整体
1058,物流,很快,物流
1059,发货的速度,真的是慢,物流
1060,_,太香了,气味
1060,_,不是,整体
1060,_,很滋润,使用体验
1060,遮暇效果,稍微有点,功效
1061,_,超级好用,整体
1061,_,不会过敏,使用体验
1061,补水效果,_,功效
1062,服务态度,很好,服务
1062,_,很满意,整体
1064,粉质,不够细,使用体验
1064,_,不够服帖,使用体验
1064,味道,蛮喜欢,气味
1064,_,提亮的,功效
1064,_,不错,整体
1065,_,清淡,整体
1065,_,不紧绷,使用体验
1065,_,很舒服,使用体验
1065,_,挺干净,功效
1065,_,不刺激,使用体验
1065,_,还好,整体
1066,_,还不错,整体
1066,_,很好用,整体
1067,_,火山泥,使用体验
1067,_,不干净,功效
1067,_,火山泥,使用体验
1067,_,不是泥,使用体验
1068,_,非常满意,整体
1069,_,还不错,整体
1070,_,喜欢,整体
1070,_,大爱,整体
1070,_,喜欢,整体
1070,_,温和不刺激,使用体验
1070,_,挺好用的,整体
1071,价格,美丽,价格
1072,_,很不错,整体
1073,_,一般,整体
1074,清洁力,不是太好,功效
1074,_,不适合,整体
1075,赠品,还行,价格
1076,_,挺好用的,整体
1077,_,还行,整体
1077,_,不会很白,使用体验
1077,_,很硬,使用体验
1077,_,不好用,整体
1078,_,无敌了,整体
1079,_,不干净,功效
1079,泡沫,不细腻,使用体验
1080,_,一如既往的好,整体
1270,_,一如既往的好,整体
1081,_,还不错,整体
1081,_,是正品,真伪
1082,日期新,不错,使用体验
1083,_,一般般,整体
1084,物流,很快,物流
1085,_,还不错,整体
1086,_,还可以,整体
1087,_,好,整体
1088,活动,实惠,价格
1089,_,特持久,功效
1089,_,特别容易干,使用体验
1090,_,特别好,整体
1090,_,特补水,功效
1090,_,喜欢补水,整体
1091,_,很少,整体
1091,_,很安全,整体
1091,补水,保湿,功效
1091,_,不错,整体
1091,_,太粘稠了,使用体验
1092,物流,给力,物流
1093,_,不错,整体
1094,_,还不错,整体
1094,_,通透,使用体验
1094,_,不会,整体
1094,遮瑕,_,功效
1095,_,轻薄,使用体验
1095,_,很好,整体
1096,_,挺好的,整体
1096,_,提亮肤色,功效
1097,香味,一般,气味
1097,_,不,整体
1097,性价比,低,价格
1098,_,不错,整体
1100,_,很清爽,使用体验
1100,_,不错,整体
1100,价格,_,价格
1101,_,有点小惊喜,价格
1101,_,很满意,整体
1102,_,过敏了,使用体验
1103,_,很好,整体
1103,_,很补水,功效
1103,_,三套划算,价格
1104,_,非常满意,整体
1105,_,好用,整体
1105,_,身边好多,整体
1106,控油效果,还可以,功效
1106,香味,太,气味
1107,日期,差,使用体验
1107,_,不是近期的,整体
1108,_,超级喜欢,整体
1109,_,非常好,整体
1109,_,不过敏,使用体验
1109,_,挺实惠,价格
1110,包装,还可以,包装
1111,_,真的好,整体
1112,_,比较,整体
1112,包装,点赞,包装
1113,物流,好快,物流
1113,服务态度,_,使用体验
1114,_,挺好的,整体
1114,_,是正品,真伪
1114,_,挺开心,整体
1115,物流,很快,物流
1115,_,喜欢,整体
1116,_,实惠,价格
1116,_,很漂亮,整体
1117,_,还不错,整体
1117,_,很服帖,使用体验
1118,_,不错,整体
1118,_,挺细腻的,使用体验
1119,_,挺好,整体
1119,香味,淡淡,气味
1119,_,非常好用,整体
1120,_,还不错,整体
1120,发货速度,快,物流
1120,_,挺喜欢,整体
1121,_,很好的,整体
1121,_,正品,真伪
1122,_,还行吧,整体
1123,_,相当不错,整体
1123,物流,给力,物流
1123,_,好评,整体
1123,_,超级好评,整体
1124,_,不卡粉挺好的,使用体验
1125,_,很湿润,使用体验
1125,味道,_,气味
1126,_,好评,整体
1126,_,很好,整体
1126,_,很喜欢,整体
1127,_,很不错,整体
1129,_,有点干,使用体验
1130,_,真心不错,整体
1130,物流,超级快,物流
1131,_,还不错,整体
1131,_,很好用,整体
1131,价格,优惠,价格
1131,_,满意,整体
1132,_,还不错,整体
1132,物流,很快,物流
1132,收货,_,物流
1133,_,满意,整体
1133,_,还不错,整体
1133,_,轻薄,使用体验
1133,持久效果,没有,功效
1133,发货,快,物流
1134,_,棒棒哒,整体
1134,_,轻薄透气,使用体验
1135,卸妆效果,还好,功效
1135,_,清爽不油腻,使用体验
1136,_,很好用,整体
1136,物流,很快,物流
1138,_,很好,整体
1138,_,很划算,价格
1139,_,提亮肤色,功效
1139,_,不错,整体
1139,活动,_,价格
1140,_,很好用,整体
1140,香味,淡淡的,气味
1140,_,不会有紧绷的,使用体验
1141,_,很舒服,使用体验
1141,_,不舒服,使用体验
1141,_,好评好评,整体
1142,_,还行吧,整体
1143,_,不错,整体
1143,保温效果,好,功效
1143,精华液,挺多的,成分
1144,_,挺好的,整体
1145,外观,还不错,包装
1146,_,不错,整体
1147,礼品,不错,价格
1148,_,是正品,真伪
1148,包装,有点不好,包装
1148,_,挺环保,功效
1149,物流,很快,物流
1150,_,非常好用,整体
1151,快递,很给力,物流
1152,_,很喜欢,整体
1152,_,眼光好,整体
1153,_,快,物流
1154,_,是正品,真伪
1155,物流,垃圾,物流
1155,味道,不喜欢,气味
1156,_,非常好用,整体
1156,味道,_,气味
1157,_,很好用,整体
1157,遮暇效果,很好,功效
1158,_,不错,整体
1159,_,低,价格
1160,_,很好用,整体
1161,_,不好用,整体
1161,_,太干,使用体验
1162,速度,真快,物流
1163,_,太黑,功效
1164,_,好评吧,整体
1165,_,很好,整体
1165,_,很好,整体
1165,_,很好物超所值,整体
1166,_,比较实惠,价格
1166,补水效果,挺好,功效
1167,_,还可以,整体
1167,_,不错,整体
1167,物流,很快,物流
1168,_,垃圾,整体
1168,_,好评率那么好,整体
1168,_,多少,功效
1168,_,麻烦,使用体验
1168,_,刷屏的,整体
1169,_,挺好的,整体
1169,_,光滑水润,使用体验
1171,味道,太刺鼻,气味
1171,价格,是,价格
1171,_,很实惠,价格
1172,_,不错,整体
1172,_,比较喜欢,整体
1173,_,不错,整体
1173,_,很满意,整体
1174,性价比,很高,价格
1175,_,不错,整体
1176,_,比较喜欢,整体
1177,_,不出来,功效
1178,包装,不错,包装
1178,_,还好,整体
1178,_,两侧用,整体
1178,_,不持久,功效
1178,_,毛孔,功效
1178,_,比较厉害,使用体验
1179,日期,新鲜,成分
1179,保质期,到期,新鲜度
1179,_,特划算,价格
1180,_,不,整体
1180,_,不怎么好用,整体
1181,_,特别便宜,价格
1182,_,不服帖,使用体验
1183,_,很清爽,使用体验
1183,_,不油腻,使用体验
1183,_,很喜欢,整体
1183,_,很干净,功效
1184,快递速度,真快,物流
1185,_,好,整体
1185,_,好评,整体
1185,_,赞赞,整体
1186,_,便宜了很多,价格
1186,_,好用,整体
1186,_,好评,整体
1187,_,不开心,整体
1188,_,不错,整体
1188,_,是正品,真伪
1188,_,挺好的,整体
1189,_,可以,整体
1189,_,挺干净的,功效
1190,_,超级喜欢,整体
1191,_,是正品,真伪
1191,活动,_,价格
1192,_,喜欢用,整体
1192,_,比较细腻,使用体验
1192,_,不油腻,使用体验
1192,_,挺好的,整体
1193,_,很好,整体
1194,物流,相当快,物流
1194,包装,精致,包装
1194,_,一如既往的好,整体
2063,物流,相当快,物流
2063,包装,精致,包装
2063,_,一如既往的好,整体
1195,_,不错,整体
1195,_,不干了,使用体验
1195,_,白了很多,功效
1196,_,挺好,整体
1196,_,满意,整体
1197,_,很喜欢,整体
1197,_,非常好,整体
1198,_,挺好的,整体
1199,_,不错不错,整体
1200,_,很好用,整体
1201,_,挺不错的,整体
1201,_,很滋润,使用体验
1202,物流,_,物流
1203,_,便宜还好用,价格
1203,香味,比较喜欢,气味
1204,_,一如既往的好,整体
1205,_,蛮不错的,整体
1206,_,很不错,整体
1207,_,水润提亮肤色又自然,功效
1207,_,很满意,整体
1208,补水效果,很棒,功效
1209,_,不错,整体
1210,_,超好用,整体
1210,_,很水润,使用体验
1210,_,真的好用,整体
1210,_,超值,价格
1211,_,不错,整体
1211,_,了皮肤明显,整体
1211,_,变好了点,其他
1212,_,水润透气,使用体验
1212,_,不错,整体
1213,_,很好用,整体
1214,_,比较水润,使用体验
1214,隔离效果,很棒,功效
1214,_,还算,功效
1215,_,很细腻,使用体验
1215,_,清爽不干燥,使用体验
1217,_,油,使用体验
1218,_,还不少,价格
1218,_,好用,整体
1219,_,挺好的,整体
1219,味道,清新,气味
1219,_,滋润,使用体验
1219,_,不粘腻,使用体验
1220,_,很薄,使用体验
1220,水分,很多,成分
1220,_,很舒服,使用体验
1220,_,清爽,使用体验
1221,_,不错,整体
1222,_,还不错,整体
1223,物流,很快,物流
1224,_,挺喜欢的,整体
1225,_,很好,整体
1226,提亮遮暇能力,强,功效
1227,_,挺好,整体
1227,_,好快,物流
1228,_,很实惠,价格
1228,味道,不好闻,气味
1229,_,挺不错的,整体
1229,包装,无损坏,包装
1229,_,淡淡的,气味
1229,保湿效果,挺好的,功效
1231,_,有点,整体
1231,_,打开盖,使用体验
1232,味道,很好闻,气味
1233,物流,很快,物流
1233,_,很好,整体
1234,设计,没有刺鼻,包装
1234,气味,很温和,使用体验
1234,卸妆,很干净,功效
1234,包装,特别再仔细,包装
1234,_,很满意,整体
1235,遮暇效果,_,功效
1236,_,不便宜,价格
1236,_,好小,尺寸
1237,_,还不错,整体
1238,_,不算太满意,整体
1238,_,很干,使用体验
1239,_,好用,整体
1239,上妆效果,好用,功效
1239,持久情况,不油,功效
1240,_,真的,真伪
1240,_,很好用,整体
1241,物流,超快,物流
1241,包装,_,包装
1242,_,便宜实惠,价格
1242,_,非常好用,整体
1243,_,可以,整体
1244,_,很好,整体
1245,_,很赞,整体
1245,_,很喜欢,整体
1246,_,好用,整体
1247,_,很好用,整体
1247,_,水水的,使用体验
1247,_,嫩嫩的,使用体验
1248,保湿效果,很好,功效
1249,包装,_,包装
1250,_,很好用,整体
1250,味道,很好闻,气味
1250,_,很喜欢,整体
1251,_,还好,整体
1252,香味,_,气味
1253,_,挺好用,整体
1253,_,很轻薄,使用体验
1254,价格,实惠,价格
1254,_,不会干,使用体验
1255,_,不错,整体
1256,_,真不错,整体
1256,_,挺多的,整体
1256,_,够用,整体
1257,活动精华液,很多,价格
1257,补水效果,不错,功效
1258,_,好评,整体
1259,_,喜欢,整体
1259,_,干净,功效
1260,_,非常好用,整体
1260,_,不油腻,使用体验
1260,_,很清爽,使用体验
1260,_,大爱,整体
1261,_,快,物流
1262,_,很好用,整体
1263,_,很不错,整体
1263,味道,很好闻,气味
1263,_,还保湿,功效
1264,物流,很快,物流
1264,_,很好,整体
1265,_,还不错,整体
1267,_,很好,整体
1267,_,很好非常好,整体
1268,_,挺好的,整体
1269,_,松的,整体
1269,香味,没敢用,气味
1271,_,还可以,整体
1271,_,很实惠,价格
1272,补水效果,很好,功效
1273,_,好用,整体
1273,滋润度,非常好,使用体验
1273,_,不干,使用体验
1273,_,不卡粉,使用体验
1273,_,棒棒哒,整体
1274,_,挺好的,整体
1275,_,还不错,整体
1276,_,湿润自然,使用体验
1276,_,很好,整体
1277,_,好非常满意非常喜欢,整体
1278,_,不错,整体
1278,_,喜欢,整体
1278,活动,很合适,价格
1279,补水效果,非常好,功效
1280,_,挺满意的,整体
1281,_,好就是好,整体
1282,_,不紧绷,使用体验
1283,_,很好用,整体
1283,_,很香,气味
1284,_,真心不错的,整体
1285,_,还不错,整体
1286,_,很不错,整体
1286,_,不错,整体
1287,_,还可以,整体
1288,_,还不错,整体
1289,_,很不错,整体
1289,保湿效果,很好,功效
1289,_,非常满意,整体
1290,价格,实惠,价格
1290,活动,便宜多了,价格
1290,_,好评,整体
1291,上妆,不错,使用体验
1291,味道,太香了,气味
1292,_,比较方便,使用体验
1293,_,有点刺激,使用体验
1293,_,还好,整体
1294,_,的好,整体
1294,_,是正品,真伪
1295,_,非常好用,整体
1296,_,是真品吗,真伪
1297,味道,挺好闻的,气味
1297,_,很好,整体
1298,_,还不错,整体
1298,价格,很划算,价格
1298,_,好评,整体
1299,_,不错,整体
1300,_,好,整体
1300,_,好评,整体
1301,_,不好用,整体
1301,_,最差,整体
1302,香味,淡淡的,气味
1302,_,喜欢的,整体
1303,_,还可以,整体
1304,保湿效果,特好,功效
1304,遮瑕效果,不错,功效
1305,_,很好用,整体
1305,_,好用,整体
1306,价格,挺便宜的,价格
1308,_,不错,整体
1309,活动,不真实,价格
1310,_,货真价实,整体
1311,价格,超实惠的,价格
1311,_,不错,整体
1312,_,敷贴皮肤,使用体验
1312,_,不干燥,使用体验
1312,_,比较水润,使用体验
1312,活动力度,比较大,价格
1312,_,比装柜便宜,价格
1313,送货速度,快,物流
1314,_,非常好,整体
1315,物流,很快,物流
1315,包装,无破损,包装
1317,_,很香,气味
1318,_,不错,整体
1319,_,挺好,整体
1320,补水效果,非常不错,功效
1321,_,喜欢,整体
1321,味道,很好闻,气味
1322,_,不错,整体
1323,_,不错,整体
1323,美白效果,不是,功效
1323,_,很好,整体
1324,_,可以的,整体
1325,_,还不错,整体
1326,_,非常不满意,整体
1327,_,没有不舒服,使用体验
1328,_,还不错,整体
1329,_,不错好用,整体
1329,快递,_,物流
1330,_,很不错,整体
1330,_,便宜,价格
1330,赠品,很多,价格
1331,_,很好,整体
1332,_,不错,整体
1332,_,不错,整体
1332,_,棒棒哒,整体
1333,味道,有点,气味
1334,_,还不错,整体
1334,_,很好,整体
1334,物流,快,物流
1335,_,还不错,整体
1336,_,很实惠,价格
1337,包装,完好,包装
1337,日期,比较新,使用体验
1338,服务,不错,服务
1339,_,非常好,整体
1339,_,便宜划算,价格
1340,_,很喜欢,整体
1341,_,不错,整体
1342,_,非常好用,整体
1342,_,不油腻,使用体验
1342,_,好推开,使用体验
1343,_,很好用,整体
1343,_,不浮粉,使用体验
1344,快递,超快,物流
1345,包装,蛮好的,包装
1345,_,好评,整体
1346,_,好用真心的,整体
1346,_,很服帖,使用体验
1346,送货,快,物流
1347,_,太给力了,整体
1347,_,特别好闻喜欢,气味
1348,包装,好差劲,包装
1349,_,很好用,整体
1349,_,易推开,使用体验
1349,_,提亮肤色,功效
1350,_,好好,整体
1350,_,非常干净,功效
1351,_,很滋润,使用体验
1352,_,不错,整体
1353,_,非常卡粉,使用体验
1353,_,不好用,整体
1354,赠品,挺多的,价格
1355,_,特别便宜,价格
1356,_,挺好的,整体
1357,_,不错,整体
1357,_,很舒服,使用体验
1357,_,可以美白,功效
1358,_,很滋润,使用体验
1358,肤色,自然,功效
1359,_,很喜欢,整体
1359,_,可以,整体
1360,_,特别好用,整体
1360,_,起,使用体验
1361,_,很好,整体
1361,_,很好用,整体
1362,物流,很快,物流
1362,_,有点,整体
1362,_,很润,使用体验
1362,精华,能吸收,成分
1363,_,是正品,真伪
1363,_,很自然,功效
1364,_,正品,真伪
1365,_,水润清凉,使用体验
1365,_,正品,真伪
1365,_,不错,整体
1367,_,的好用,整体
1367,_,自然服帖,功效
1367,_,实惠,价格
1368,_,很优惠,价格
1368,价格,美丽,价格
1368,_,很好,整体
1369,_,可以的,整体
1370,_,优惠多多,价格
1370,_,非常满意,整体
1371,_,很好用,整体
1372,_,非常满意,整体
1373,补水效果,特别好,功效
1374,_,不错,整体
1375,_,喜欢满意,整体
1376,_,很好用,整体
1376,精华液,很多,成分
1376,_,很实惠,价格
1377,_,清爽不油腻,使用体验
1377,遮瑕效果,不理想,功效
1378,_,还不错,整体
1378,_,很喜欢,整体
1379,_,特别滋润,使用体验
1379,_,香香的,气味
1379,_,不厚重,使用体验
1379,美白,特别好用,功效
1380,_,比较好用,整体
1381,_,不错,整体
1381,_,不油腻,使用体验
1381,_,挺补水的,功效
1381,_,滑滑的,使用体验
1381,_,嫩嫩的,使用体验
1382,_,不错,整体
1382,_,好用,整体
1382,_,超补水,功效
1383,_,喜欢,整体
1383,_,水份多,使用体验
1383,价格,合适,价格
1383,_,大爱,整体
1384,粉质,细腻,使用体验
1385,_,不会,整体
1385,_,感觉紧绷,使用体验
1386,_,可以,整体
1386,香味,不是那么,气味
1386,_,冲是可清新,使用体验
1386,包装,不错,包装
1387,_,很好,整体
1388,_,很好用,整体
1389,补水,差不多吧,功效
1390,送货,及时,物流
1390,_,不错,整体
1391,快递客服态度,很快,物流
1391,_,很好,整体
1392,包装,挺好的,包装
1392,物流,很快,物流
1392,试下效果,不错,功效
1393,_,不知道是不是正品,真伪
1393,_,挺好用的,整体
1394,_,差,整体
1395,_,还可以,整体
1395,_,轻薄不油腻,使用体验
1395,遮瑕效果,不是特别好,功效
1396,_,好不错,整体
1396,_,喜欢,整体
1396,_,好价格,价格
1397,包装,都没有,包装
1398,_,还好用,整体
1398,_,可以,整体
1399,_,很好用,整体
1399,_,不干,使用体验
1399,_,提亮肤色,功效
1400,_,很喜欢,整体
1401,_,清爽不油腻,使用体验
1402,_,可以的,整体
1403,价格,还不错,价格
1404,_,没有那么好,整体
1404,_,不好,整体
1405,_,很水润保湿,使用体验
1405,活动快递,很快,价格
1406,活动,超级划算,价格
1407,_,好用,整体
1408,_,很好用,整体
1408,_,水水的,使用体验
1409,_,不错,整体
1409,包装,好看,包装
1409,_,还不错,整体
1410,发货,快,物流
1410,_,方便,使用体验
1410,_,好评,整体
1410,_,付出的可爱,整体
1411,_,还不错,整体
1412,包装,_,包装
1413,_,物美价廉,价格
1413,_,非常好,整体
1413,_,非常好,整体
1413,配送速度,特别快,物流
1413,服务,很好,服务
1414,_,不行,整体
1415,_,不好闻,整体
1416,_,好用不油腻,整体
1416,价格,实惠,价格
1417,_,是正品,真伪
1417,吸收,还不错,使用体验
1417,_,好评,整体
1418,_,还不错,整体
1418,_,不卡粉,使用体验
1418,价格,实惠,价格
1419,快递,快,物流
1420,_,还不错,整体
1421,_,挺喜欢的,整体
1422,香味,淡淡的,气味
1422,泡沫,丰富,使用体验
1422,_,干净,功效
1423,包装,完好,包装
1423,赠物流,很快,物流
1424,_,白了,功效
1424,快递小哥,_,物流
1425,_,很好,整体
1425,_,很喜欢,整体
1425,_,很保湿,功效
1426,_,不错,整体
1426,送货速度,很快,物流
1427,_,轻松一抹,使用体验
1427,_,提亮肤色,功效
1427,_,不卡粉,使用体验
1427,_,很不错,整体
1428,包装,非常精美,包装
1429,_,不错,整体
1430,_,量,使用体验
1430,_,很足,使用体验
1430,精华液,很多,成分
1431,_,挺好用,整体
1431,价格,美丽,价格
1432,_,很好,整体
1433,_,不会假白,功效
1433,_,显得肤色,功效
1433,_,很好,整体
1433,_,喜欢,整体
1434,_,很好,整体
1435,_,还行,整体
1436,吸收,挺好,使用体验
1436,_,容易吸收,使用体验
1436,_,水嫩水嫩的,使用体验
1437,_,很不错,整体
1437,_,不错,整体
1437,_,不刺激,使用体验
1438,_,很舒适,使用体验
1438,_,非常细腻,使用体验
1439,_,好用,整体
1439,_,不卡粉,使用体验
1440,_,还行,整体
1441,_,还可以,整体
1441,_,有点卡,使用体验
1442,_,差,整体
1442,_,不补水,功效
1443,_,不错,整体
1444,起泡,不是很多,使用体验
1444,_,很温和,使用体验
1444,快递,有,物流
1445,_,好,整体
1445,赠品,快,价格
1445,_,给力,整体
1446,_,很好用,整体
1446,_,很显白,功效
1446,_,好评,整体
1446,送货,很快,物流
1447,_,特别,整体
1448,_,便宜多了,价格
1449,_,还不错,整体
1450,_,很小,整体
1451,物流,很好,物流
1451,_,很给力的,整体
1452,_,很自然,功效
1453,_,非常好用,整体
1453,持久度,不干好,使用体验
1454,_,不错,整体
1455,_,挺好的,整体
1455,物流,快,物流
1456,_,不错挺好用的,整体
1457,_,一个月满,整体
1458,包装,不错,包装
1458,_,不够用,整体
1459,_,还行,整体
1460,_,不错,整体
1461,_,非常好用,整体
1462,_,挺好用的,整体
1463,_,很好,整体
1464,清洁能力,一般,功效
1465,_,是正品,真伪
1466,_,额礼物,价格
1466,_,很喜欢,整体
1467,_,挺好用的,整体
1468,_,五星好评,整体
1469,味道,挺舒服的,气味
1469,_,还不错,整体
1470,_,特别好用,整体
1471,_,真的好,整体
1472,_,很相近,功效
1473,_,挺好的薄薄的,整体
1474,_,很好,整体
1474,老板,很满意,服务
1475,_,还可以,整体
1475,赠品,可以吧,价格
1476,_,很划算,价格
1476,味道,_,气味
1477,_,不错,整体
1478,_,不紧绷,使用体验
1478,_,挺舒服,使用体验
1479,_,还行,整体
1479,价格,太快,价格
1480,_,很好用,整体
1480,卸妆,很干净,功效
1480,_,温和不刺激,使用体验
1481,_,不错,整体
1482,_,还可以,整体
1482,_,有点干,使用体验
1483,_,挺好用的,整体
1483,_,清爽不粘腻,使用体验
1484,_,挺好的,整体
1485,_,挺好的,整体
1485,物流,很快,物流
1485,快递小哥态度,很好,物流
1485,_,很快,物流
1486,_,特别好用,整体
1487,_,一如既往的好,整体
1488,_,很好,整体
1488,服务,特好,服务
1489,_,很满意,整体
1489,_,是正品,真伪
1489,活动,很划算,价格
1490,_,超好用,整体
1490,_,有点不开心,整体
1491,_,好用,整体
1491,_,实惠,价格
1492,_,不错,整体
1492,_,很水润,使用体验
1493,_,挺不错的,整体
1494,_,不错,整体
1494,_,挺好用的,整体
1494,_,很划算,价格
1495,_,是正品,真伪
1495,_,很快,物流
1496,_,好评,整体
1497,_,挺好,整体
1498,_,不错不错,整体
1498,_,量太少了,使用体验
1499,_,挺好用的,整体
1499,_,很方便,整体
1500,_,挺好用的,整体
1500,_,挺滋润,使用体验
1500,快递小哥服务态度,_,物流
1501,_,还不错,整体
1502,_,不错,整体
1502,_,很喜欢,整体
1503,_,很好用,整体
1504,_,非常好,整体
1505,补水效果,不错,功效
1505,_,快,物流
1505,_,递给力,整体
1506,快递,超快,物流
1506,优惠力度,_,价格
1507,价格,有点小贵,价格
1507,_,贵,价格
1507,_,物有所值,整体
1508,_,补水的,功效
1508,_,很好用,整体
1508,_,黑色清洁,功效
1508,_,不怎么样,整体
1508,_,不太好,整体
1509,_,很好用,整体
1509,价格,不会,价格
1509,_,很贵,价格
1510,保湿,一般吧,功效
1511,优惠活动价格,实惠,价格
1512,发货速度,超快,物流
1512,_,也合适,价格
1512,保湿效果,_,功效
1513,_,还不错,整体
1514,活动,超级划算,价格
1515,味道,很好闻,气味
1516,清洁能力,干爽舒服,功效
1517,_,好用不油腻,整体
1517,_,很自然服帖,功效
1518,清洁能力,很好,功效
1518,味道,挺好闻,气味
1518,_,挺好用的,整体
1518,_,好评,整体
1519,_,不喜欢,整体
1519,_,很紧绷,使用体验
1519,味道,不好,气味
1520,_,非常好,整体
1521,_,挺不错的,整体
1521,_,很细腻,使用体验
1521,_,涂抹到,使用体验
1521,_,很自然,功效
1522,_,很好用,整体
1522,_,水嫩,使用体验
1522,_,光泽,功效
1522,_,不错,整体
1522,_,超值,价格
1523,_,挺好,整体
1523,_,是正品,真伪
1524,_,不错,整体
1524,活动,_,价格
1525,_,好用,整体
1526,活动,很好用,价格
1527,_,不错,整体
1528,_,非常不错,整体
1528,_,很喜欢,整体
1530,_,偏白,功效
1530,_,太白了,功效
1530,_,很少,整体
1531,_,挺好的,整体
1531,精华液,很多,成分
1532,_,还可以,整体
1533,包装,完好,包装
1534,_,很喜欢,整体
1534,_,不错,整体
1535,成分,安全,成分
1535,补湿效果,还可以,功效
1536,_,非常好用,整体
1536,_,不紧绷,使用体验
1537,_,很滋润,使用体验
1537,_,很自然,功效
1537,_,挺满意的,整体
1538,送货,很快,物流
1538,快递师傅,很耐心,物流
1539,味道,不错,气味
1539,_,很好闻,气味
1540,_,不错,整体
1540,_,给力,整体
1542,_,真好,物流
1543,价格,实惠,价格
1543,_,不错,整体
1544,_,还可以,整体
1545,_,物美价廉,价格
1546,_,不错,整体
1546,_,物美价廉,价格
1547,物流,很快,物流
1548,_,挺好用,整体
1549,_,不错,整体
1549,_,超级划算,价格
1550,_,非常好用,整体
1550,_,不但服帖,使用体验
1550,_,提亮肤色,功效
1551,_,不错,整体
1552,_,不错,整体
1552,_,不错,整体
1553,_,挺好的,整体
1554,_,不错,整体
1555,_,还可以,整体
1556,_,还可以,整体
1556,_,便宜,价格
1557,_,温和,使用体验
1558,_,还不错,整体
1558,_,很保湿,功效
1558,价格,很实惠,价格
1558,_,好评,整体
1559,_,好用,整体
1559,_,很喜欢,整体
1560,_,不错,整体
1561,_,非常好,整体
1562,配送速度,很快,物流
1563,_,还不错,整体
1564,_,不错好使,整体
1564,_,挺好,整体
1565,_,不油腻,使用体验
1565,_,很好上妆,使用体验
1565,_,不油腻,使用体验
1565,_,喜欢,整体
1566,颜值,不错,包装
1566,送货,快,物流
1566,服务,不错,服务
1567,_,挺好用的,整体
1568,_,好开心,整体
1568,_,好评好评,整体
1569,物流,快,物流
1570,味道,不是,气味
1570,_,很喜欢,整体
1570,_,不错,整体
1570,_,很值,价格
1571,_,挺不错的,整体
1572,_,特别好,整体
1573,_,辣眼睛,使用体验
1574,_,很满意,整体
1574,快递小哥速度,杠杠滴,物流
1574,态度,不错,服务
1575,_,挺补水的,功效
1577,_,很不错,整体
1578,_,还可以,整体
1578,_,是正品,真伪
1578,赠品,很多,价格
1579,_,还不错,整体
1579,_,一般,整体
1580,保湿,补水,功效
1580,_,值得信赖,整体
1581,_,非常好,整体
1581,_,物超所值,整体
1582,_,还不错,整体
1583,_,非常不错,整体
1583,_,很明显,整体
1584,商家,很实惠,价格
1584,赠几贴,挺划算的,价格
1585,_,挺好的,整体
1585,_,不错的,整体
1585,_,比较水润,使用体验
1585,_,不油腻,使用体验
1585,_,很清爽,使用体验
1586,_,非常好用,整体
1586,_,的好,整体
1587,_,非常棒,整体
1587,_,还是嫩嫩的,使用体验
1588,气味,好闻,气味
1588,肤色,白皙,功效
1589,_,有点干,使用体验
1589,_,还可以,整体
1590,_,很喜欢,整体
1590,味道,不厚重,气味
1590,价格,有点淡淡的亮,价格
1591,_,一般,整体
1591,_,比较,整体
1591,保湿,还行,功效
1591,_,浮粉,使用体验
1592,卸妆,挺干净的,功效
1592,_,满意,整体
1593,_,还可以,整体
1594,_,买的,价格
1594,_,很划算,价格
1594,_,补水,功效
1595,量,挺多的,其他
1596,_,不过敏,使用体验
1596,_,挺好的,整体
1596,_,便宜,价格
1597,精华液,有点小失望,成分
1598,价格,美丽,价格
1598,_,很温和,使用体验
1599,_,还行吧,整体
1600,性价比,一般,整体
1601,_,不错的,整体
1601,_,自然,功效
1601,遮瑕效果,不错,功效
1602,送货物流,快价格便宜,物流
1603,_,非常好,整体
1603,_,非常滋润,使用体验
1603,遮瑕香味,淡淡的,功效
1604,_,非常好用,整体
1604,提亮效果,明显,功效
1604,_,不卡粉,使用体验
1604,_,特别服帖,使用体验
1605,_,还行,整体
1605,香味,更好,气味
1606,快递,很快,物流
1607,_,起,使用体验
1608,_,稀的,整体
1609,_,很好用,整体
1609,_,很滋润,使用体验
1610,外壳,软,包装
1610,_,趴的,整体
1610,设计,有问题,包装
1610,外壳,长,包装
1611,_,挺多,整体
1611,_,还不错,整体
1612,_,挺喜欢,整体
1613,_,真心不错,整体
1614,_,滋润,使用体验
1614,_,服帖,使用体验
1614,_,好可爱,整体
1615,_,非常的不错,整体
1615,_,很多,整体
1615,_,淡淡的清香,气味
1616,隔离效果,特别高,功效
1616,_,水润,使用体验
1617,_,不错,整体
1618,_,很不错,整体
1618,_,量也,使用体验
1618,_,很足,使用体验
1618,设计,很棒,包装
1619,_,很好,整体
1619,商家,热心,服务
1620,_,还可以,整体
1620,_,好小,尺寸
1621,_,超级划算,价格
1621,颜色,自然,功效
1621,_,喜欢,整体
1622,_,持久,功效
1622,_,不会,整体
1622,_,挺舒服,使用体验
1623,_,还不错,整体
1624,_,都高大上,使用体验
1624,_,很精致,整体
1625,_,很好用,整体
1626,清洁能力,一般般,功效
1627,_,很好,整体
1627,_,物有所值,整体
1628,_,怎么那么,使用体验
1628,_,轻的,整体
1629,_,好用好用,整体
1629,物流配送服务,非常好,物流
1629,包装,_,包装
1630,_,物超所值,整体
1630,_,棒棒哒,整体
1631,_,很好用,整体
1631,_,很喜欢,整体
1632,_,挺好用的,整体
1633,_,好用,整体
1633,活动,很合适,价格
1633,物流,_,物流
1634,_,不喜欢,整体
1634,颜色,_,功效
1635,_,非常喜欢,整体
1635,_,很好,整体
1635,性价比,高,价格
1636,_,好用,整体
1636,_,滑的,使用体验
1637,物流,超快,物流
1638,_,非常好,整体
1638,_,很满意,整体
1638,_,不错,整体
1638,物流,很快,物流
1639,_,非常喜欢,整体
1640,_,很便宜,价格
1640,_,很划算,价格
1642,_,超级棒超级棒补水,整体
1643,_,好用,整体
1643,_,不卡粉自然,使用体验
1644,物流,快,物流
1644,包装,好,包装
1645,颜色,很好,功效
1645,_,很容易,使用体验
1646,物流,挺快的,物流
1647,_,划算,价格
1648,_,不错,整体
1648,_,挺好用的,整体
1649,_,很适合,整体
1649,_,不卡粉,使用体验
1650,_,非常好,整体
1650,_,淡淡的香,气味
1650,_,很喜欢,整体
1651,_,好用,整体
1651,_,特别喜欢,整体
1651,味道,_,气味
1652,性价比,很高,价格
1652,_,很好用,整体
1652,价格,超级优惠,价格
1652,_,很满意,整体
1653,_,很温和,使用体验
1654,_,很好用,整体
1655,_,不错,整体
1655,_,很好用,整体
1655,_,很亮,功效
1655,_,很不错,整体
1656,_,真的不错,整体
1656,_,喜欢,整体
1658,_,还行吧,整体
1660,补水效果,不很棒,功效
1661,_,相当不错,整体
1662,客服,打电话给售后,服务
1663,_,很棒的,整体
1663,_,绝对好用,整体
1664,保湿味道,好闻,功效
1664,_,不错,整体
1665,保湿,不错,功效
1666,价格,实惠,价格
1666,_,有点少,使用体验
1667,_,很舒服不紧绷,使用体验
1667,_,不错,整体
1668,快递,很给力,物流
1668,气味,也,气味
1668,_,很香,气味
1669,_,不错不油腻,整体
1669,_,润润的,使用体验
1670,_,还不错,整体
1670,_,不卡粉,使用体验
1670,遮瑕效果,也行,功效
1671,_,不怎么样,整体
1671,_,不怎么白还有点掉妆,功效
1672,_,不好用,整体
1672,酒精味道,特别大,气味
1672,_,刺鼻,气味
1673,补水效果,很好,功效
1674,_,有点用,整体
1675,_,不错,整体
1675,_,很好,整体
1675,物流,快,物流
1675,_,物美价廉,价格
1675,服务,_,物流
1676,_,真的好用,整体
1676,性价比,高,价格
1676,活动,便宜,价格
1677,_,不错,整体
1678,_,物美价廉,价格
1679,优惠活动价格,不错,价格
1679,_,有点掉,使用体验
1680,发货,很快,物流
1680,包装,不错,包装
1680,_,很滋润,使用体验
1680,成膜速度,一般,功效
1680,_,轻微泛白,功效
1681,_,比较补水的,功效
1681,活动,_,价格
1682,补水效果,很好,功效
1683,_,很好用,整体
1683,_,分量足,其他
1683,_,还不错,整体
1684,_,特别满意,整体
1685,_,粉,使用体验
1685,_,很细腻,使用体验
1685,_,很好,整体
1685,_,很满意,整体
1687,_,挺好的,整体
1687,包装新包装,_,包装
1688,_,很好用,整体
1689,补水,不错,功效
1690,_,还不错,整体
1692,_,挺香的,气味
1692,包装,不错,包装
1692,_,碎,使用体验
1693,_,压扁了,整体
1694,活动,自然服帖,价格
1695,物流,很快的,物流
1695,_,挺好用的,整体
1695,_,好评,整体
1696,补水效果,可以,功效
1696,_,平价好用,整体
1696,赠,_,价格
1697,_,没问题,使用体验
1698,_,不错,整体
1698,_,很自然,功效
1699,_,挺喜欢,整体
1700,_,不贵,价格
1701,补水,真的棒棒的,功效
1702,_,很好,整体
1702,_,非常补水保湿,功效
1702,_,不错不错,整体
1703,_,很好,整体
1703,_,很光滑,使用体验
1703,价格,实惠,价格
1704,_,很好,整体
1705,_,物有所值,整体
1705,活动,_,价格
1706,_,好棒,使用体验
1706,快递,大赞,物流
1707,_,不错,整体
1707,快递,很给力,物流
1708,_,挺好用的,整体
1709,_,不好用,整体
1710,包装,很好,包装
1710,快递,很给力,物流
1710,_,还可以,整体
1711,_,很好用,整体
1711,_,很干净,功效
1711,_,不紧绷,使用体验
1712,到货,很快,物流
1713,卸妆,干净,功效
1713,_,温和不刺激,使用体验
1713,_,好用,整体
1714,_,很喜欢,整体
1715,_,好用,整体
1715,_,超级好用,整体
1716,_,好,整体
1717,快递小哥,很准时,物流
1718,_,超级好用,整体
1719,_,好评,整体
1720,_,很好用,整体
1720,美白效果,不,功效
1720,_,干用起来,使用体验
1720,_,很自然,功效
1721,_,很实惠,价格
1722,_,不错,整体
1722,_,很满意,整体
1723,_,自然,功效
1723,_,很值,价格
1724,服务,不咋,服务
1724,价格,_,价格
1725,_,好用,整体
1725,_,好评,整体
1726,_,不错,整体
1726,物流,快,物流
1726,服务态度,很好,服务
1727,清洁能力泡沫,好用,功效
1727,_,好用,整体
1728,_,不错,整体
1729,_,还不错,整体
1730,_,非常棒,整体
1730,价格,正品,价格
1731,_,很补水,功效
1731,精华,超级多,成分
1731,_,还很多水,使用体验
1732,_,不错,整体
1733,_,不错,整体
1733,_,可以,整体
1734,物流,很快,物流
1735,_,好迷你,整体
1736,_,很好,整体
1736,价格,实惠,价格
1736,_,很喜欢,整体
1736,物流速度,很快,物流
1737,快递,太快了,物流
1738,_,非常好,整体
1738,_,非常光滑,使用体验
1739,_,还不错,整体
1739,补水效果,很好,功效
1739,_,无刺激,使用体验
1739,_,超赞,整体
1740,物流,快,物流
1740,价格,合适,价格
1740,_,不错,整体
1741,_,还可以,整体
1741,_,起到遮暇,功效
1742,_,美美哒,整体
1743,_,特别好用,整体
1743,_,不会差,整体
1744,温和度,比较好,使用体验
1744,_,比较干净,功效
1744,_,挺好,整体
1745,_,很好,整体
1745,_,很满意,整体
1746,_,很好用,整体
1746,卸妆,干净还不紧绷,功效
1747,_,很显白,功效
1747,_,挺好,整体
1748,_,还不错,整体
1748,_,不紧绷,使用体验
1750,盒子,挺好,包装
1750,_,收纳方便,使用体验
1751,_,挺好用,整体
1751,_,比较细腻,使用体验
1751,味道,一点都不干燥,气味
1751,_,很好闻,气味
1752,_,便宜,价格
1753,_,挺好的,整体
1754,_,不怎么样,整体
1754,_,不太喜欢,整体
1755,_,很好用,整体
1755,_,水嫩不,使用体验
1756,_,很喜欢,整体
1756,_,好舒服,整体
1757,保湿,还可以,功效
1758,日期,太旧了,使用体验
1758,客服,不回复,服务
1758,_,调子高,价格
1759,_,很好,整体
1759,_,不错,整体
1759,_,很舒服,使用体验
1759,_,好评,整体
1760,_,很干,使用体验
1761,_,挺好挺自然,功效
1762,_,太干,使用体验
1762,_,不知道,真伪
1762,_,很香,气味
1763,_,还不错,整体
1763,_,不油腻,使用体验
1764,_,还可以,整体
1765,_,挺好的,整体
1765,日期,_,使用体验
1766,物流,给力,物流
1766,_,很喜欢,整体
1767,_,还好吧,整体
1767,_,便宜,价格
1767,_,流贼快,物流
1768,_,很多,整体
1768,包装,很可爱,包装
1769,赠品送货速度,很快,物流
1770,_,很好,整体
1770,_,很快,物流
1877,_,很好,整体
1877,_,很快,物流
1771,清洁效果清洁能力,一般,功效
1772,_,物美价廉,价格
1772,_,非常满意,整体
1772,补水效果,很好,功效
1772,_,很薄,使用体验
1772,大小,_,使用体验
1773,_,挺好使的,整体
1773,泡沫,很多,使用体验
1774,_,还行,整体
1774,_,太不负责,使用体验
1775,补水效果,很好,功效
1776,_,挺好的,整体
1776,_,不油腻,使用体验
1776,成膜,快,功效
1776,_,好一点,整体
1777,_,不错,整体
1777,_,很实惠,价格
1777,_,实惠,价格
1777,包装,完美,包装
1778,包装,非常仔细,包装
1778,发货速度,非常快,物流
1778,_,好评,整体
1779,_,很好,整体
1780,_,特别喜欢,整体
1781,_,很柔滑,整体
1781,_,很好了,整体
1782,送货速度,很快,物流
1782,_,有点小贵,价格
1783,_,不错,整体
1783,_,很喜欢,整体
1784,_,很好用,整体
1784,_,遮暇,功效
1784,_,棒棒的,整体
1784,优惠活动,很划算,价格
1784,发货送货速度,很快,物流
1785,快递员服务,很好,物流
1786,_,挺好用的,整体
1786,_,很补水,功效
1786,精华液,很多,成分
1787,_,不错,整体
1787,_,好,整体
1787,物流,快,物流
1788,_,超级喜欢,整体
1788,_,特别舒服,使用体验
1788,_,不刺激,使用体验
1788,_,很好,整体
1789,包装,可以,包装
1790,_,比较水润,使用体验
1790,_,比较自然,功效
1791,_,蛮喜欢的,整体
1791,日期,没别的毛病,使用体验
1792,物流,很快,物流
1792,_,希望好用,整体
1793,_,便宜,价格
1794,_,过敏,使用体验
1795,_,很好,整体
1795,_,是正品,真伪
1796,_,补水,功效
1796,_,美白,功效
1796,_,保湿,功效
1796,快递小哥服务态度,好也很快,物流
1797,_,挺好用的,整体
1798,_,非常不错,整体
1799,_,特价,使用体验
1799,_,人水水嫩嫩的,使用体验
1800,优惠券活动,_,价格
1801,_,很好用,整体
1801,_,挺薄的,使用体验
1801,_,水润,使用体验
1802,_,不错,整体
1802,赠品,_,价格
1804,_,不错是正品,真伪
1804,物流,快,物流
1805,_,挺好用的,整体
1805,_,太大了,整体
1805,_,不小心,整体
1806,_,挺好,整体
1806,_,正品,真伪
1807,_,不错不错,整体
1808,_,是正品,真伪
1809,_,很好用,整体
1809,_,滋润不油腻不紧绷,使用体验
1809,_,喜欢,整体
1810,_,挺好用的,整体
1810,_,喜欢,整体
1810,_,很自然,功效
1811,_,不错,整体
1812,_,很好用,整体
1812,_,特价,使用体验
1812,_,好评,整体
1813,_,很喜欢,整体
1813,_,好评,整体
1814,_,非常不错,整体
1814,香味,淡淡的,气味
1814,_,很自然,功效
1815,_,特别实惠,价格
1815,_,比较水润,使用体验
1815,_,喜欢,整体
1816,_,挺好用的,整体
1816,隔离效果,超级棒,功效
1816,赠品卸妆,比较完美,价格
1817,_,不错,整体
1817,颜色,很正,功效
1818,_,不错,整体
1818,发货,快,物流
1818,_,东西好,整体
1819,_,贴肤好用,整体
1819,_,买一送一划算,价格
1820,_,还是不错,整体
1820,客服态度,很好,服务
1820,_,很好满意,整体
1822,_,量太少了,使用体验
1822,_,还可以,整体
1823,包装,太简陋,包装
1824,_,差,整体
1824,_,一般,整体
1824,_,太差了,整体
1824,_,眼睛都疼的,使用体验
1825,_,特别好用,整体
1825,发货,特别快,物流
1885,_,特别好用,整体
1885,发货,特别快,物流
1826,_,挺干净的,功效
1827,_,还不错,整体
1828,_,非常好用,整体
1829,_,不错,整体
1829,_,不错,整体
1831,活动,_,价格
1832,_,还不错,整体
1833,_,挺好用,整体
1833,_,不紧绷,使用体验
1834,补水效果,不错,功效
1835,_,不错不错,整体
1835,_,物美价廉,价格
1837,商家,很贴心,服务
1837,_,真的不错,整体
1838,_,挺好的,整体
1838,_,面部保湿,功效
1838,_,很好,整体
1838,_,不干,使用体验
1838,_,很润,使用体验
1839,_,很好,整体
1839,_,很保湿,功效
1840,_,还不错,整体
1841,_,好多,整体
1841,_,很合适,整体
1842,_,蛮好的,整体
1843,精华,挺多的,成分
1843,_,还不错,整体
1844,_,不错,整体
1845,_,挺好用的,整体
1846,卸妆效果,差,功效
1846,_,好评,整体
1847,_,不好,整体
1848,_,不错,整体
1849,_,挺好用的正品,整体
1850,物流速度,很快,物流
1850,_,优惠,价格
1851,_,不错不错,整体
1852,_,不是粉质,使用体验
1852,_,比较,整体
1853,_,挺清爽的,使用体验
1853,_,不油腻,使用体验
1854,活动,好划算,价格
1855,美白效果,_,功效
1856,_,不够好,整体
1857,_,不错,整体
1857,_,好评,整体
1858,_,是正品,真伪
1858,_,很好用,整体
1859,_,不错,整体
1859,_,很好用,整体
1859,快递小哥,给力,物流
1860,卸妆,干净温和不刺激,功效
1860,_,滑滑的,使用体验
1860,_,舒服,使用体验
1861,物流,很快,物流
1862,物流,超快,物流
1862,_,很好,整体
1863,_,还不错,整体
1863,粉质粉质,_,使用体验
1864,_,满意,整体
1864,_,挺清爽的,使用体验
1864,清洁,可以,功效
1864,_,好白了,整体
1865,赠品,挺好的,价格
1866,_,不错,整体
1866,效果,有增白,功效
1867,_,不错,整体
1867,_,挺好用的,整体
1867,_,干净不紧绷,使用体验
1868,_,很好,整体
1868,价格优惠送货,快,价格
1868,_,很满意,整体
1869,_,很适合,整体
1869,_,有点油,使用体验
1871,遮瑕,不是,功效
1871,_,很好,整体
1873,_,非常满意,整体
1874,活动,很划算,价格
1876,_,很好用,整体
1876,_,嫩嫩的,使用体验
1878,粉质,细腻服帖,使用体验
1879,_,水水的,使用体验
1879,_,滑滑的,使用体验
1879,补水效果,是可以,功效
1880,_,挺好用的,整体
1881,_,很实惠,价格
1881,_,很满意,整体
1881,速度,超快,物流
1882,_,不错,整体
1883,礼物,很喜欢,价格
1884,_,自然,功效
1884,_,细腻,使用体验
1884,_,不干,使用体验
1884,_,不过敏,使用体验
1884,_,真的不错,整体
1886,_,不错,整体
1887,_,喜欢,整体
1888,_,还不错,整体
1889,活动价格,还不错,价格
1890,_,还不错,整体
1892,_,清爽不油腻,使用体验
1892,吸收,很快,使用体验
1892,设计,方便,包装
1892,美白包装,好看,功效
1893,_,非常好,整体
1893,_,非常棒补水,功效
1894,_,很好,整体
1895,_,不紧绷,使用体验
1896,服务态度,一点,物流
1896,_,不好到,功效
1896,_,还过敏,使用体验
1897,物流,好给力,物流
1897,_,好喜欢,整体
1898,_,不错,整体
1899,_,还可以,整体
1899,_,实惠,价格
1900,_,挺不错的,整体
1901,_,太快了,物流
1901,_,不错,整体
1901,味道,挺好闻的,气味
1902,_,还可以,整体
1903,泡沫,细腻柔软,使用体验
1903,_,着舒服,使用体验
1903,包装,很好,包装
1904,_,喜欢,整体
1904,妆感,非常好,使用体验
1905,_,好用,整体
1905,_,不紧绷,使用体验
1906,_,更划算,价格
1907,_,比较滋润,使用体验
1907,_,没有干燥,使用体验
1908,_,不错,整体
1908,颜色,比较自然,功效
1909,补水效果,好,功效
1909,_,还不油腻,使用体验
1909,_,好评,整体
1910,_,挺好的,整体
1911,包装,没有损坏,包装
1912,_,非常不错,整体
1912,_,很润,使用体验
1912,颜色,不是特别的白,功效
1912,_,很自然,功效
1912,_,喜欢,整体
1913,_,不错,整体
1913,味道,淡淡的,气味
1913,_,挺好闻,气味
1914,_,不错,整体
1914,_,很喜欢,整体
1915,_,非常容易上装,使用体验
1915,_,不错,整体
1916,送货速度,很快,物流
1917,_,不好用,整体
1918,_,很服帖,使用体验
1918,精华,清爽不粘,成分
1918,_,喜欢,整体
1919,_,不错,整体
1919,赠品,物美价廉,价格
1920,_,不错,整体
1921,_,很满意,整体
1922,_,没有保,功效
1923,_,挺水润的,使用体验
1924,_,好用不过敏,使用体验
1925,价格,非常实惠,价格
1925,_,很舒服,使用体验
1925,_,非常喜欢,整体
1926,_,还可以的,整体
1927,_,很好,整体
1927,价格,非常实惠,价格
1927,服务,非常热情,服务
1927,_,点赞,整体
1929,_,清爽不油腻,使用体验
1929,_,很喜欢,整体
1930,_,挺好的,整体
1931,_,物美价廉,价格
1931,_,货真价实,整体
1931,_,五星好评,整体
1932,_,还可以,整体
1932,补水,还行,功效
1933,_,超级划算,价格
1933,_,很舒服,使用体验
1933,_,赞赞,整体
1934,_,一般,整体
1934,精华,太少,成分
1935,_,还不错,整体
1935,_,还行,整体
1936,_,不不错,整体
1937,_,很不错,整体
1938,_,非常合适,价格
1938,_,温和,使用体验
1938,_,不,整体
1938,_,很喜欢,整体
1939,_,深海鱼润,使用体验
1939,_,不错,整体
1940,活动,非常合算,价格
1940,_,润润,使用体验
1941,活动,非常棒,价格
1942,_,非常好,整体
1942,_,好评,整体
1942,_,好评,整体
1943,包装,完好,包装
1943,_,是正品,真伪
1944,_,非常好用,整体
1944,_,细腻,使用体验
1944,_,美好,价格
1944,_,喜欢,整体
1945,_,红肿,使用体验
1947,_,一般般,整体
1947,_,很干,使用体验
1947,_,抹不开,使用体验
1947,_,不服帖,使用体验
1948,_,不错,整体
1948,包装,精美,包装
1948,日期,新鲜,成分
1948,瑕效果,有遮,功效
1949,_,还行,整体
1949,_,很水嫩,使用体验
1949,保湿效果,不错,功效
1950,泡沫,细腻丰富,使用体验
1950,_,有轻微紧绷感,使用体验
1951,_,还不错,整体
1951,价格,实惠,价格
1952,赠品,送得多,价格
1953,_,挺水润的,使用体验
1953,_,很喜欢,整体
1954,_,很好用,整体
1954,_,不过敏,使用体验
1955,_,是正品,真伪
1955,_,不过敏,使用体验
1956,香味,淡淡的蛮好,气味
1956,_,不油腻,使用体验
1956,_,增白,功效
1957,保湿保湿效果,不错,功效
1957,卖家服务态度,很好,服务
1957,发货速度,也快,物流
1957,_,很满意,整体
1958,_,非常好用,整体
1958,_,滋润保湿不过敏,使用体验
1959,物流,一般吧,物流
1959,快递盒,揉烂了,物流
1959,包装盒,_,包装
1960,快递,挺快的,物流
1960,包装,很好,包装
1960,快递员服务遮瑕效果,不,物流
1960,_,很好,整体
1961,_,好评吧,整体
1962,_,不错,整体
1962,赠品,好用,价格
1962,_,很实惠,价格
1963,_,还不错,整体
1964,快递包装,有点简陋,包装
1964,_,稍许破损,包装
1965,_,非常满意,整体
1966,_,比较方便,使用体验
1967,_,不太好,整体
1968,_,挺好的,整体
1968,_,自然,功效
1968,_,假,真伪
1969,优惠力度,高,价格
1969,_,很好用,整体
1970,物流,好快,物流
1971,_,蛮清爽的,使用体验
1972,_,不会差,整体
1972,_,垃圾,整体
1973,_,很明显,整体
1973,_,很自然,功效
1973,味道,很不错,气味
1973,_,很清新,使用体验
1973,_,很不错,整体
1974,_,这款好用,整体
1975,_,不错,整体
1976,味道,还行,气味
1976,_,有点点白,功效
1977,发货速度,很快,物流
1978,_,很实惠,价格
1978,_,不错,整体
1978,赠品,_,价格
1979,_,很满意,整体
1979,味道,不,气味
1979,_,很不错,整体
1980,_,挺好用的,整体
1980,_,比较服帖自然,使用体验
1980,速度,很快,物流
1980,_,好评,整体
1981,_,还可以,整体
1981,价格,优惠,价格
1981,_,好评,整体
1982,_,是正品,真伪
1983,_,超划算,价格
1983,_,挺补水,功效
1984,_,挺好的,整体
1984,遮瑕效果,不错,功效
1984,_,提亮了好多,功效
1984,赠品,多,价格
1985,活动,挺好用的,价格
1985,_,还不错,整体
1985,_,很均匀,功效
1985,清香,_,整体
1986,_,真的,真伪
1986,_,很滑,使用体验
1987,_,挺好的,整体
1988,_,非常好用,整体
1988,价格,_,价格
1989,_,很好用,整体
1989,_,便宜,价格
1990,_,好用,整体
1990,_,好用,整体
1990,_,好用,整体
1991,_,提亮,功效
1991,_,不脱妆,使用体验
1991,性价比,高,价格
1993,_,没有那么好,整体
1993,_,不持久,功效
1993,味道,淡淡的还行,气味
1994,_,很滋润不干,使用体验
1994,瑕,还遮,功效
1995,_,特别喜欢,整体
1995,_,特别舒服,使用体验
1995,_,不刺激,使用体验
1996,_,是正品,真伪
1996,味道香味,淡淡的,气味
1996,_,很棒,整体
1997,_,好,整体
1998,_,好多,整体
1998,_,好实惠,价格
1999,物流,还行,物流
1999,_,不合适,价格
2000,_,挺不错的,整体
2001,_,非常好看,整体
2001,_,不墙白,功效
2001,颜色外壳,自然好看,功效
2002,_,好,整体
2003,_,挺好的,整体
2004,_,挺,整体
2004,_,柔和的,整体
2004,_,不刺激,使用体验
2005,_,挺好用的,整体
2005,保湿效果,很好,功效
2005,_,黑色的,整体
2005,_,最好用,整体
2007,_,一般般,整体
2008,_,非常好用,整体
2009,补水效果,不错,功效
2010,_,很温和,使用体验
2010,设计,真的好方便,其他
2010,_,很贴心,整体
2011,_,不错,整体
2012,_,挺好的,整体
2013,_,不会腻,整体
2014,_,蛮干净,功效
2014,_,不会浪费,整体
2015,隔离效果,好,功效
2015,_,滋润,使用体验
2015,_,美白,功效
2016,补水,保湿可以,功效
2016,_,五星好评,整体
2017,客服态度,不好,服务
2018,_,不错,整体
2019,_,不过敏,使用体验
2019,味道,太浓,气味
2020,控油,特别好,功效
2020,_,还不错,整体
2020,_,方向抹开,使用体验
2020,_,滋润,使用体验
2021,_,很好,整体
2022,_,物美价廉,价格
2022,发货,很快,物流
2022,_,五星好评,整体
2023,_,挺好看用,整体
2024,清洗效果,不错,功效
2025,妆感,有点,使用体验
2026,洁面,一般般,功效
2027,_,补水,功效
2027,_,还可以,整体
2027,_,比较轻薄,使用体验
2028,_,她喜欢,整体
2029,_,特别补水,功效
2030,_,自然,功效
2030,赠品,太好了,价格
2031,_,挺好用的,整体
2032,_,很温和,使用体验
2032,_,还不错,整体
2032,_,挺舒服,使用体验
2032,_,很划算,价格
2032,_,超级实惠,价格
2032,_,很好用,整体
2033,_,非常好用,整体
2033,活动,超级划算,价格
2034,_,垃圾,整体
2034,_,差评,整体
2035,送货,特别快,物流
2035,_,送货到家,使用体验
2035,快递员,太划算,物流
2036,_,不错呀实惠,价格
2037,_,不错,整体
2037,_,好用,整体
2038,_,很不错,整体
2038,味道,_,气味
2039,肤色,均匀了,功效
2039,淡斑效果,很轻薄,功效
2040,_,是正品满意满意,整体
2041,物流,很快,物流
2041,_,挺不错,整体
2043,_,不怎么样,整体
2043,价钱,挺好的,价格
2045,_,还不错,整体
2046,_,真的快,物流
2046,精华,特别多,成分
2047,_,很喜欢,整体
2047,香味,淡淡的,气味
2047,_,不腻,使用体验
2048,_,还行,整体
2048,大小包装,还可以,包装
2049,_,很自然,功效
2049,_,自然的,功效
2049,_,不错,整体
2050,_,好用,整体
2050,_,很服帖,使用体验
2051,气味质地,清爽,使用体验
2052,_,发干,使用体验
2052,_,起皮,使用体验
2053,_,挺好的,整体
2053,_,不错,整体
2053,_,很合适,整体
2053,_,挺好的,整体
2053,气味,娃娃香,气味
2054,优惠力度,没有搓泥,价格
2055,_,便宜太多了,价格
2055,_,太划算,价格
2056,价格,实惠,价格
2056,送货,快,物流
2057,_,不错,整体
2057,_,非常喜欢,整体
2057,快递小哥,_,物流
2058,_,很清爽,使用体验
2058,_,好非常,整体
2059,味道清香,淡淡的,气味
2059,赠品,很多,价格
2059,_,很满意,整体
2060,味道,不会起泡泡,气味
2061,_,挺好的,整体
2062,_,实在,整体
2062,_,过敏了,使用体验
2062,_,没有,整体
2062,_,广告宣传的那么好,整体
2064,_,好用,整体
2064,_,特别湿润,使用体验
2064,补水效果,没得说,功效
2064,_,补水,功效
2065,_,很好,整体
2065,上妆效果,比较自然,功效
2066,_,量很少,使用体验
2066,味道,还,气味
2066,_,勉强可以,整体
2066,_,不像是正品,真伪
2067,气味,不好用,气味
2068,_,好用,整体
2069,_,过敏,使用体验
2070,物流,超快,物流
2070,_,是正品,真伪
2071,_,绝对的正品,真伪
2071,补水效果,很好,功效
2072,_,质感特别薄,使用体验
2072,_,很服帖,使用体验
2072,香味,有点重,气味
2073,包装,太差没有,包装
2073,_,套盒可以,整体
2073,_,纸箱都省,使用体验
2074,上妆遮瑕效果,有点,功效
2074,_,很服帖,使用体验
2074,_,挺遮毛孔的,功效
2074,持妆效果,不错,功效
2074,_,没问题,使用体验
2075,_,不错,整体
2075,_,很喜欢,整体
2076,_,还可以,整体
2077,_,不错,整体
2077,_,还可以,整体
2077,_,不错不错,整体
2078,保湿,非常喜欢,功效
2078,遮暇效果,好不错,功效
2078,快递,很快满意,物流
2079,_,挺好,整体
2080,_,很服帖,使用体验
2080,好看味道,香香的,气味
2080,_,很不错,整体
2081,_,很水润,使用体验
2081,_,很服帖,使用体验
2081,_,很划算,价格
2082,_,还可以,整体
2082,_,很好吸收,使用体验
2082,_,不好看,整体
2083,_,蛮好的,整体
2084,_,真,物流
2084,_,好评,整体
2085,客服服务,很好,服务
2086,_,快,物流
2086,_,蛮好的,整体
2087,_,还不错,整体
2087,_,没有过敏,使用体验
2088,_,很不错,整体
2088,_,不会太干,使用体验
2088,价格,适中,价格
2088,_,粉粉的,整体
2089,_,到家,物流
2089,_,很方便,整体
2089,价格,实惠,价格
2090,_,好用,整体
2090,_,一般般,整体
2091,_,是正品,真伪
2091,_,挺滋润,使用体验
2091,_,挺好,整体
2091,快递,非常快,物流
2092,_,很好用,整体
2093,_,是正品,真伪
2093,_,很好用,整体
2094,_,好用,整体
2094,_,非常喜欢,整体
2095,_,挺好的,整体
2096,_,很补水,功效
2096,_,超喜欢,整体
2096,包装,很漂亮,包装
2097,_,一如既往的喜欢,整体
2098,物流,很快,物流
2098,_,很满意,整体
2099,_,不错,整体
2099,_,容易抹开,使用体验
2099,_,很喜欢,整体
2100,_,不稀可以,整体
2100,_,当霜来用,整体
2100,_,很划算,价格
2101,气味,刺鼻的,气味
2101,_,不是正品,真伪
2102,包装,精美,包装
2102,_,物美价廉,价格
2103,_,很喜欢,整体
2103,上妆,特别服帖,使用体验
2103,物流,很快,物流
2103,价格,实惠,价格
2104,_,很棒,整体
2105,_,很好用,整体
2105,快递,很快,物流
2105,_,是正品,真伪
2106,_,还不错,整体
2106,_,挺自然,功效
2106,遮瑕,不太好,功效
2106,_,不是,整体
2106,_,专门遮瑕,功效
2107,活动,好好好,价格
2107,_,价下划算,价格
2107,售后,好,服务
2107,_,很好,整体
2109,_,不错,整体
2109,盖子设计,太,包装
2109,_,好,整体
2110,_,非常好,整体
2110,快递速度,很快,物流
2111,价格,比较便宜,价格
2112,_,过敏,使用体验
2112,_,太干了,使用体验
2112,_,是不是,真伪
2113,性价比,高,价格
2113,_,很不错,整体
2114,_,挺好的,整体
2115,_,挺好的,整体
2116,_,有点刺痛,使用体验
2117,包装,不好,包装
2118,_,很好用,整体
2118,_,很划算,价格
2118,_,太满意,整体
2119,补水效果,真的,功效
2119,_,很不错,整体
2120,_,好,整体
2120,_,干净,功效
2120,泡沫,丰富,使用体验
2120,_,不是特紧绷,使用体验
2120,物流,快,物流
2120,_,好评,整体
2121,_,超级好用,整体
2121,_,非常保湿,功效
2121,_,特别好,整体
2121,_,大爱,整体
2122,_,还可以,整体
2122,_,挺好的,整体
2122,_,喜欢,整体
2122,味道,淡淡的,气味
2123,_,好用,整体
2123,_,不紧绷,使用体验
2123,_,很舒服,使用体验
2124,_,不错用,整体
2124,_,很好,整体
2125,_,是正品,真伪
2125,补水效果,很好,功效
2126,赠品,没有不开心,价格
2127,_,好用,整体
2128,_,不错,整体
2128,卸妆,不会去,功效
2128,价格,_,价格
2129,清洁度,柔和舒服,功效
2130,_,非常好,整体
2131,_,很好,整体
2131,_,很补水,功效
2132,_,确实不错,整体
2132,_,很服帖,使用体验
2132,精华,很多,成分
2132,补水效果,不错,功效
2133,服务态度,很好,服务
2133,_,很好用,整体
2134,包装,完好,包装
2134,_,很好用,整体
2135,活动,特别划算,价格
2135,补水效果,不错,功效
2136,物流,很棒很快,物流
2136,_,棒哒,整体
2137,_,很喜欢,整体
2137,_,提肤色,功效
2137,_,很自然,功效
2137,香味物流,超快,物流
2137,_,好评,整体
2138,_,喜欢得,整体
2139,_,比较信赖,整体
2140,物流,很快,物流
2140,_,不错,整体
2141,_,还不错,整体
2141,_,有点干皮肤,使用体验
2142,_,温和,使用体验
2142,_,很好用,整体
2143,补水效果,非常好,功效
2144,物流,很快,物流
2144,_,还不错,整体
2146,包装,不错,包装
2147,_,非常好,整体
2147,_,保湿好,功效
2147,_,贴皮肤,使用体验
2148,_,超级贴心,整体
2148,香味,淡淡的,气味
2148,_,蛮保湿的,功效
2148,赠品,很好,价格
2149,活动,最合适,价格
2149,_,特别好,整体
2150,包装,挺好的,包装
2151,_,很好用,整体
2151,_,好,整体
2152,_,很好用,整体
2152,补水效果,超好的,功效
2153,_,很好,整体
2154,_,贵了点,价格
2155,_,很好用,整体
2156,包装,不太好,包装
2156,快递服务态度,很好,物流
2156,_,好评,整体
2157,物流,给力,物流
2157,_,很喜欢,整体
2158,补水效果,很好,功效
2158,_,没有不适,使用体验
2159,配送小哥,棒棒哒,物流
2160,_,香香的,气味
2160,_,很好,整体
2160,_,快,物流
2161,_,太香了,气味
2162,_,非常好,整体
2162,价钱,给力,价格
2162,_,还优惠,价格
2162,_,放心实惠,价格
2163,补水,是,功效
2163,_,很补水,功效
2164,_,非常好用,整体
2165,味道,太刺鼻,气味
2165,_,没有泡沫,使用体验
2166,_,香香的,气味
2166,_,很细腻,使用体验
2166,_,滑滑的,使用体验
2166,_,很舒服,使用体验
2167,_,不错,整体
2167,_,很实惠,价格
2168,_,滑滑的,使用体验
2168,_,没洗干净,功效
2169,_,还可以,整体
2170,快递,好快,物流
2171,_,快,物流
2172,价格,不值,价格
2173,味道,还可以,气味
2174,_,不错,整体
2175,_,一般,整体
2175,_,不干净,功效
2176,_,超级好用,整体
2177,_,不怎么好,整体
2177,_,不方便,使用体验
2177,颜色,不是,功效
2177,_,很自然,功效
2178,颜色,_,功效
2179,_,能接受,功效
2179,质地延展性,很好,使用体验
2179,气味,不太好闻,气味
2180,_,很好用,整体
2181,_,很好用,整体
2181,_,好评,整体
2182,_,挺便宜,价格
2183,物流,好快,物流
2184,_,还可以,整体
2184,包装,_,包装
2185,_,挺好的,整体
2186,_,还可以,整体
2187,物流,快,物流
2187,_,是正品,真伪
2188,包装盒,还行,整体
2189,_,失望,整体
2189,快递,快,物流
2189,_,送货到家,使用体验
2190,隔离香味,喜欢,功效
2191,活动,挺划算,价格
2191,_,太慢,整体
2192,发货,很快,物流
2193,_,很好用,整体
2193,性价比,真的高,价格
2193,_,好用,整体
2194,包装,好,包装
2194,物流,快,物流
2194,_,不卡粉,使用体验
2194,_,很润,使用体验
2194,_,很满意,整体
2196,味道,好闻,气味
2197,_,不是太好用,整体
2198,发货,快,物流
2198,包装,好看,包装
2198,_,满意,整体
2199,_,很划算,价格
2200,_,还可以,整体
2201,_,很好,整体
2202,包装,一般,包装
2202,_,很好,整体
2204,_,有泡沫,使用体验
2204,_,不细腻,使用体验
2204,味道,还行,气味
2205,_,没过敏,使用体验
2205,补水,还可以,功效
2206,_,不错,整体
2206,_,挺好,整体
2206,_,温和不刺激,使用体验
2206,_,不错不错,整体
2207,_,非常棒,整体
2208,活动,便宜,价格
2208,性价比,挺高,使用体验
2209,_,还行,整体
2209,价格,不贵,价格
2209,_,经济实惠,价格
2210,_,不错,整体
2210,_,不会太白,功效
2210,_,很自然,功效
2211,_,喜欢,整体
2211,_,超级喜欢,整体
2212,_,便宜点,价格
2212,_,那高兴,整体
2213,_,超级棒,整体
2213,补水效果,挺不错,功效
2214,物流,挺快的,物流
2214,_,还不错,整体
2214,_,挺舒服的,使用体验
2215,_,好用,整体
2215,_,不好看,整体
2216,_,挺好的,整体
2216,_,细腻,使用体验
2216,_,有光泽,功效
2216,赠品,不错,价格
2217,_,超划算,价格
2217,_,很好,整体
2218,_,不错,整体
2219,_,特别开心,整体
2219,_,特别好用,整体
2219,_,非常满意,整体
2220,_,耐心,整体
2221,补水效果,很好,功效
2222,_,有点,整体
2222,_,买深了点,其他
2222,_,不太,气味
2222,_,真好,物流
2223,_,挺好,整体
2223,_,挺适合,整体
2224,清洁效果,还可以,功效
2224,_,比较优惠,价格
2225,质量,一般一般,整体
2226,_,好,整体
2226,_,真的各,真伪
2226,_,方面都,使用体验
2227,_,不错,整体
2227,_,好评,整体
2228,_,挺好的,整体
2229,包装,很好,包装
2229,_,棒棒哒,整体
2229,_,是正品,真伪
2230,_,不错不错,整体
2230,_,划算,价格
2231,_,很细腻,使用体验
2231,_,不是太白,功效
2231,_,有点少,使用体验
2232,物流,超快,物流
2232,_,很好用,整体
2233,_,挺显白的,功效
2233,_,不容易推开,使用体验
2234,_,很不错,整体
2234,_,容易推开,使用体验
2234,_,改善肤色,功效
